#
# There is insufficient memory for the Java Runtime Environment to continue.
# Native memory allocation (malloc) failed to allocate 1723584 bytes. Error detail: Chunk::new
# Possible reasons:
#   The system is out of physical RAM or swap space
#   This process is running with CompressedOops enabled, and the Java Heap may be blocking the growth of the native heap
# Possible solutions:
#   Reduce memory load on the system
#   Increase physical memory or swap space
#   Check if swap backing store is full
#   Decrease Java heap size (-Xmx/-Xms)
#   Decrease number of Java threads
#   Decrease Java thread stack sizes (-Xss)
#   Set larger code cache with -XX:ReservedCodeCacheSize=
#   JVM is running with Unscaled Compressed Oops mode in which the Java heap is
#     placed in the first 4GB address space. The Java Heap base address is the
#     maximum limit for the native heap growth. Please use -XX:HeapBaseMinAddress
#     to set the Java Heap base and to place the Java Heap above 4GB virtual address.
# This output file may be truncated or incomplete.
#
#  Out of Memory Error (arena.cpp:168), pid=17192, tid=21012
#
# JRE version: OpenJDK Runtime Environment Temurin-21.0.7+6 (21.0.7+6) (build 21.0.7+6-LTS)
# Java VM: OpenJDK 64-Bit Server VM Temurin-21.0.7+6 (21.0.7+6-LTS, mixed mode, sharing, tiered, compressed oops, compressed class ptrs, g1 gc, windows-amd64)
# No core dump will be written. Minidumps are not enabled by default on client versions of Windows
#

---------------  S U M M A R Y ------------

Command Line: --add-opens=java.base/java.lang=ALL-UNNAMED --add-opens=java.base/java.lang.invoke=ALL-UNNAMED --add-opens=java.base/java.util=ALL-UNNAMED --add-opens=java.prefs/java.util.prefs=ALL-UNNAMED --add-exports=jdk.compiler/com.sun.tools.javac.api=ALL-UNNAMED --add-exports=jdk.compiler/com.sun.tools.javac.util=ALL-UNNAMED --add-opens=java.base/java.util=ALL-UNNAMED --add-opens=java.prefs/java.util.prefs=ALL-UNNAMED --add-opens=java.base/java.nio.charset=ALL-UNNAMED --add-opens=java.base/java.net=ALL-UNNAMED --add-opens=java.base/java.util.concurrent=ALL-UNNAMED --add-opens=java.base/java.util.concurrent.atomic=ALL-UNNAMED --add-opens=java.xml/javax.xml.namespace=ALL-UNNAMED --add-opens=java.base/java.time=ALL-UNNAMED -Xmx2048m -Dfile.encoding=UTF-8 -Duser.country=US -Duser.language=en -Duser.variant -javaagent:C:\Users\zarfi\.gradle\wrapper\dists\gradle-9.2.1-bin\2t0n5ozlw9xmuyvbp7dnzaxug\gradle-9.2.1\lib\agents\gradle-instrumentation-agent-9.2.1.jar org.gradle.launcher.daemon.bootstrap.GradleDaemon 9.2.1

Host: AMD Ryzen 5 7430U with Radeon Graphics         , 12 cores, 7G,  Windows 11 , 64 bit Build 26100 (10.0.26100.8875)
Time: Tue Aug  4 15:56:38 2026 Pakistan Standard Time elapsed time: 2601.208211 seconds (0d 0h 43m 21s)

---------------  T H R E A D  ---------------

Current thread (0x000002187f46dd90):  JavaThread "C2 CompilerThread1" daemon [_thread_in_native, id=21012, stack(0x0000009d44800000,0x0000009d44900000) (1024K)]


Current CompileTask:
C2:2601208 32080       4       org.gradle.api.internal.tasks.compile.incremental.compilerapi.deps.DependentSetSerializer::read (198 bytes)

Stack: [0x0000009d44800000,0x0000009d44900000]
Native frames: (J=compiled Java code, j=interpreted, Vv=VM code, C=native code)
V  [jvm.dll+0x6ce119]
V  [jvm.dll+0x8a84a1]
V  [jvm.dll+0x8aa9ce]
V  [jvm.dll+0x8ab0b3]
V  [jvm.dll+0x27f8a6]
V  [jvm.dll+0xc507d]
V  [jvm.dll+0xc55b3]
V  [jvm.dll+0x3b692c]
V  [jvm.dll+0x1dfe33]
V  [jvm.dll+0x247c42]
V  [jvm.dll+0x2470cf]
V  [jvm.dll+0x1c760e]
V  [jvm.dll+0x25695a]
V  [jvm.dll+0x254efa]
V  [jvm.dll+0x3f03f6]
V  [jvm.dll+0x851f6b]
V  [jvm.dll+0x6cc7dd]
C  [ucrtbase.dll+0x2cd30]
C  [KERNEL32.DLL+0x2e957]
C  [ntdll.dll+0xaad6c]


---------------  P R O C E S S  ---------------

Threads class SMR info:
_java_thread_list=0x0000021848e2a700, length=206, elements={
0x000002185e76eab0, 0x000002187b8186b0, 0x000002187b81f530, 0x000002187b825cd0,
0x000002187b826360, 0x000002187b822ee0, 0x000002187b823570, 0x000002187b839210,
0x000002187b842810, 0x000002187b824920, 0x000002187b824fb0, 0x000002187b825640,
0x000002184552ad00, 0x000002184552e810, 0x000002184552eea0, 0x000002184552ba20,
0x0000021845531600, 0x0000021845530f70, 0x000002184552fbc0, 0x0000021845532320,
0x00000218455308e0, 0x000002184552f530, 0x0000021849e58700, 0x0000021849e58d90,
0x0000021849e5a7d0, 0x0000021849e5a140, 0x0000021849e5ae60, 0x0000021849e5b4f0,
0x0000021849e58070, 0x0000021849e59420, 0x0000021849e59ab0, 0x00000218498e48a0,
0x000002188c822c40, 0x00000218593146d0, 0x0000021859315a80, 0x00000218593153f0,
0x00000218593139b0, 0x00000218593174c0, 0x0000021859314040, 0x0000021859317b50,
0x00000218593181e0, 0x0000021859318f00, 0x0000021859319590, 0x0000021859319c20,
0x000002185931afd0, 0x000002185931a940, 0x0000021859318870, 0x000002185931a2b0,
0x0000021849b56180, 0x0000021849b57530, 0x0000021849b57bc0, 0x0000021849b54740,
0x0000021849b56810, 0x0000021849b58250, 0x0000021849b55af0, 0x0000021849b56ea0,
0x0000021849b54dd0, 0x0000021849b588e0, 0x0000021849b55460, 0x0000021849b5a320,
0x0000021849b58f70, 0x0000021849b5a9b0, 0x0000021849b59600, 0x0000021849b5b040,
0x0000021849b59c90, 0x0000021848ae94f0, 0x0000021848aeaf30, 0x0000021848ae9b80,
0x0000021848aed690, 0x0000021848aea210, 0x0000021848aedd20, 0x0000021848aebc50,
0x0000021848aea8a0, 0x0000021848aee3b0, 0x0000021848aeea40, 0x0000021848aeb5c0,
0x0000021848af0b10, 0x0000021848aef0d0, 0x0000021848aef760, 0x0000021848aefdf0,
0x0000021848af0480, 0x000002184a0d40a0, 0x000002184a0d6e90, 0x000002184a0d5450,
0x000002184a0d4dc0, 0x000002184a0d5ae0, 0x000002184a0d4730, 0x000002184a0d6170,
0x000002184a0d6800, 0x000002184a0d3a10, 0x000002184a0da310, 0x000002184a0da9a0,
0x000002184a0d95f0, 0x000002184a0d7bb0, 0x000002184a0d7520, 0x000002184a0db030,
0x000002184a0d8240, 0x00000218498e2e60, 0x00000218498e34f0, 0x00000218498e3b80,
0x00000218498e1ab0, 0x00000218498e5c50, 0x00000218498e6970, 0x00000218498e4f30,
0x00000218498e4210, 0x00000218498e90d0, 0x00000218498e7d20, 0x00000218498e8a40,
0x00000218498e62e0, 0x00000218498e83b0, 0x00000218498e7000, 0x00000218498e7690,
0x000002184bc9cfe0, 0x000002184bc9f740, 0x000002184bc9c2c0, 0x000002184bc9d670,
0x000002184bca1180, 0x000002184bca1ea0, 0x000002184bca1810, 0x000002188b90c9b0,
0x000002188b90dd60, 0x000002188b90af70, 0x000002188b90b600, 0x000002188b90d040,
0x000002188b90e3f0, 0x000002188b90ea80, 0x000002188b90f110, 0x000002188b90bc90,
0x000002188b90c320, 0x000002188b90fe30, 0x000002188b918800, 0x000002188b918e90,
0x000002188b916dc0, 0x000002188b919520, 0x000002188b9160a0, 0x000002188b91b5f0,
0x000002188b91bc80, 0x000002188b91c310, 0x000002188b91c9a0, 0x000002188b91d030,
0x000002188b91a8d0, 0x000002188b919bb0, 0x000002188b91d6c0, 0x000002188b91a240,
0x000002188b91dd50, 0x000002188b91e3e0, 0x000002188b91af60, 0x000002188b91ea70,
0x000002188b920b40, 0x000002188b921ef0, 0x000002188b9232a0, 0x000002188b922580,
0x000002188b921860, 0x000002188b91fe20, 0x000002188b922c10, 0x000002188b9211d0,
0x000002188b923930, 0x000002188b9204b0, 0x000002188b923fc0, 0x000002188b924650,
0x000002188b924ce0, 0x000002188b928e80, 0x000002188b926720, 0x000002188c30e7e0,
0x000002187f6b8910, 0x000002187f6b8fa0, 0x000002187ff01ab0, 0x000002187fefecc0,
0x000002187ff01420, 0x000002187ff00d90, 0x000002187ff02140, 0x000002187feff350,
0x000002187feff9e0, 0x000002187ff00070, 0x000002187ff00700, 0x000002185915cb20,
0x000002185915ded0, 0x000002185915d1b0, 0x000002188cfe9a40, 0x000002188cfebb10,
0x000002188cfeb480, 0x000002188cfec1a0, 0x000002188cfe8d20, 0x000002188c30c8a0,
0x000002185915e560, 0x000002184b210240, 0x000002184b210f60, 0x00000218594126e0,
0x000002184c2ef4d0, 0x000002184c2f0880, 0x000002184c2f15a0, 0x000002184c2f0f10,
0x000002187f4ebdb0, 0x000002187f46dd90, 0x000002184c2f1c30, 0x0000021859411330,
0x00000218594119c0, 0x0000021859412050, 0x0000021859413400, 0x000002188c30d430,
0x000002185bf67410, 0x000002185bf666f0, 0x000002185bf68130, 0x000002185bf687c0,
0x000002185bf66060, 0x000002185bf67aa0
}

Java Threads: ( => current thread )
  0x000002185e76eab0 JavaThread "main"                              [_thread_blocked, id=26448, stack(0x0000009d37700000,0x0000009d37800000) (1024K)]
  0x000002187b8186b0 JavaThread "Reference Handler"          daemon [_thread_blocked, id=16688, stack(0x0000009d37f00000,0x0000009d38000000) (1024K)]
  0x000002187b81f530 JavaThread "Finalizer"                  daemon [_thread_blocked, id=6304, stack(0x0000009d38000000,0x0000009d38100000) (1024K)]
  0x000002187b825cd0 JavaThread "Signal Dispatcher"          daemon [_thread_blocked, id=21740, stack(0x0000009d38100000,0x0000009d38200000) (1024K)]
  0x000002187b826360 JavaThread "Attach Listener"            daemon [_thread_blocked, id=12844, stack(0x0000009d38200000,0x0000009d38300000) (1024K)]
  0x000002187b822ee0 JavaThread "Service Thread"             daemon [_thread_blocked, id=26576, stack(0x0000009d38300000,0x0000009d38400000) (1024K)]
  0x000002187b823570 JavaThread "Monitor Deflation Thread"   daemon [_thread_blocked, id=9460, stack(0x0000009d38400000,0x0000009d38500000) (1024K)]
  0x000002187b839210 JavaThread "C2 CompilerThread0"         daemon [_thread_in_native, id=24488, stack(0x0000009d38500000,0x0000009d38600000) (1024K)]
  0x000002187b842810 JavaThread "C1 CompilerThread0"         daemon [_thread_blocked, id=8260, stack(0x0000009d38600000,0x0000009d38700000) (1024K)]
  0x000002187b824920 JavaThread "Common-Cleaner"             daemon [_thread_blocked, id=19376, stack(0x0000009d38700000,0x0000009d38800000) (1024K)]
  0x000002187b824fb0 JavaThread "Notification Thread"        daemon [_thread_blocked, id=12300, stack(0x0000009d38800000,0x0000009d38900000) (1024K)]
  0x000002187b825640 JavaThread "Daemon health stats"               [_thread_blocked, id=12920, stack(0x0000009d38e00000,0x0000009d38f00000) (1024K)]
  0x000002184552ad00 JavaThread "Incoming local TCP Connector on port 52310"        [_thread_in_native, id=15992, stack(0x0000009d38f00000,0x0000009d39000000) (1024K)]
  0x000002184552e810 JavaThread "Daemon periodic checks"            [_thread_blocked, id=8000, stack(0x0000009d39500000,0x0000009d39600000) (1024K)]
  0x000002184552eea0 JavaThread "Cache worker for journal cache (C:\Users\zarfi\.gradle\caches\journal-1)"        [_thread_blocked, id=1556, stack(0x0000009d39d00000,0x0000009d39e00000) (1024K)]
  0x000002184552ba20 JavaThread "File lock request listener"        [_thread_in_native, id=24356, stack(0x0000009d39e00000,0x0000009d39f00000) (1024K)]
  0x0000021845531600 JavaThread "Cache worker for file hash cache (C:\Users\zarfi\.gradle\caches\9.2.1\fileHashes)"        [_thread_blocked, id=13072, stack(0x0000009d39f00000,0x0000009d3a000000) (1024K)]
  0x0000021845530f70 JavaThread "File watcher server"        daemon [_thread_in_native, id=19952, stack(0x0000009d3a500000,0x0000009d3a600000) (1024K)]
  0x000002184552fbc0 JavaThread "File watcher consumer"      daemon [_thread_blocked, id=19412, stack(0x0000009d3a600000,0x0000009d3a700000) (1024K)]
  0x0000021845532320 JavaThread "jar transforms"                    [_thread_blocked, id=26668, stack(0x0000009d3a700000,0x0000009d3a800000) (1024K)]
  0x00000218455308e0 JavaThread "jar transforms Thread 2"           [_thread_blocked, id=17632, stack(0x0000009d3a800000,0x0000009d3a900000) (1024K)]
  0x000002184552f530 JavaThread "jar transforms Thread 3"           [_thread_blocked, id=9540, stack(0x0000009d3a900000,0x0000009d3aa00000) (1024K)]
  0x0000021849e58700 JavaThread "jar transforms Thread 4"           [_thread_blocked, id=3216, stack(0x0000009d3aa00000,0x0000009d3ab00000) (1024K)]
  0x0000021849e58d90 JavaThread "jar transforms Thread 5"           [_thread_blocked, id=24824, stack(0x0000009d3ab00000,0x0000009d3ac00000) (1024K)]
  0x0000021849e5a7d0 JavaThread "jar transforms Thread 6"           [_thread_blocked, id=22220, stack(0x0000009d3ac00000,0x0000009d3ad00000) (1024K)]
  0x0000021849e5a140 JavaThread "jar transforms Thread 7"           [_thread_blocked, id=5984, stack(0x0000009d3ad00000,0x0000009d3ae00000) (1024K)]
  0x0000021849e5ae60 JavaThread "jar transforms Thread 8"           [_thread_blocked, id=13144, stack(0x0000009d3ae00000,0x0000009d3af00000) (1024K)]
  0x0000021849e5b4f0 JavaThread "jar transforms Thread 9"           [_thread_blocked, id=12520, stack(0x0000009d3af00000,0x0000009d3b000000) (1024K)]
  0x0000021849e58070 JavaThread "jar transforms Thread 10"          [_thread_blocked, id=20168, stack(0x0000009d3b000000,0x0000009d3b100000) (1024K)]
  0x0000021849e59420 JavaThread "jar transforms Thread 11"          [_thread_blocked, id=18216, stack(0x0000009d3b100000,0x0000009d3b200000) (1024K)]
  0x0000021849e59ab0 JavaThread "jar transforms Thread 12"          [_thread_blocked, id=15256, stack(0x0000009d3b200000,0x0000009d3b300000) (1024K)]
  0x00000218498e48a0 JavaThread "Cache worker for file content cache (C:\Users\zarfi\.gradle\caches\9.2.1\fileContent)"        [_thread_blocked, id=13756, stack(0x0000009d3b400000,0x0000009d3b500000) (1024K)]
  0x000002188c822c40 JavaThread "Memory manager"                    [_thread_blocked, id=23756, stack(0x0000009d41500000,0x0000009d41600000) (1024K)]
  0x00000218593146d0 JavaThread "Daemon Thread 2"                   [_thread_blocked, id=14104, stack(0x0000009d37400000,0x0000009d37500000) (1024K)]
  0x0000021859315a80 JavaThread "Handler for socket connection from /127.0.0.1:52310 to /127.0.0.1:52829"        [_thread_in_native, id=22224, stack(0x0000009d37500000,0x0000009d37600000) (1024K)]
  0x00000218593153f0 JavaThread "Cancel handler"                    [_thread_blocked, id=10052, stack(0x0000009d37600000,0x0000009d37700000) (1024K)]
  0x00000218593139b0 JavaThread "Daemon worker Thread 2"            [_thread_blocked, id=5844, stack(0x0000009d38d00000,0x0000009d38e00000) (1024K)]
  0x00000218593174c0 JavaThread "Asynchronous log dispatcher for DefaultDaemonConnection: socket connection from /127.0.0.1:52310 to /127.0.0.1:52829"        [_thread_blocked, id=6860, stack(0x0000009d39600000,0x0000009d39700000) (1024K)]
  0x0000021859314040 JavaThread "Stdin handler"                     [_thread_blocked, id=17448, stack(0x0000009d39700000,0x0000009d39800000) (1024K)]
  0x0000021859317b50 JavaThread "Daemon client event forwarder"        [_thread_blocked, id=21656, stack(0x0000009d39800000,0x0000009d39900000) (1024K)]
  0x00000218593181e0 JavaThread "Cache worker for file hash cache (D:\BlurFace\.gradle\9.2.1\fileHashes)"        [_thread_blocked, id=11700, stack(0x0000009d39900000,0x0000009d39a00000) (1024K)]
  0x0000021859318f00 JavaThread "Cache worker for Build Output Cleanup Cache (D:\BlurFace\.gradle\buildOutputCleanup)"        [_thread_blocked, id=15280, stack(0x0000009d39a00000,0x0000009d39b00000) (1024K)]
  0x0000021859319590 JavaThread "Cache worker for checksums cache (D:\BlurFace\.gradle\9.2.1\checksums)"        [_thread_blocked, id=7304, stack(0x0000009d39b00000,0x0000009d39c00000) (1024K)]
  0x0000021859319c20 JavaThread "Cache worker for cache directory md-supplier (C:\Users\zarfi\.gradle\caches\9.2.1\md-supplier)"        [_thread_blocked, id=23368, stack(0x0000009d39c00000,0x0000009d39d00000) (1024K)]
  0x000002185931afd0 JavaThread "Cache worker for cache directory md-rule (C:\Users\zarfi\.gradle\caches\9.2.1\md-rule)"        [_thread_blocked, id=23892, stack(0x0000009d3a200000,0x0000009d3a300000) (1024K)]
  0x000002185931a940 JavaThread "Unconstrained build operations"        [_thread_blocked, id=12468, stack(0x0000009d3a300000,0x0000009d3a400000) (1024K)]
  0x0000021859318870 JavaThread "Unconstrained build operations Thread 2"        [_thread_blocked, id=15580, stack(0x0000009d3a400000,0x0000009d3a500000) (1024K)]
  0x000002185931a2b0 JavaThread "Unconstrained build operations Thread 3"        [_thread_blocked, id=8096, stack(0x0000009d3b300000,0x0000009d3b400000) (1024K)]
  0x0000021849b56180 JavaThread "Unconstrained build operations Thread 4"        [_thread_blocked, id=18024, stack(0x0000009d3b500000,0x0000009d3b600000) (1024K)]
  0x0000021849b57530 JavaThread "Unconstrained build operations Thread 5"        [_thread_blocked, id=11716, stack(0x0000009d3b600000,0x0000009d3b700000) (1024K)]
  0x0000021849b57bc0 JavaThread "Unconstrained build operations Thread 6"        [_thread_blocked, id=12592, stack(0x0000009d3b700000,0x0000009d3b800000) (1024K)]
  0x0000021849b54740 JavaThread "Unconstrained build operations Thread 7"        [_thread_blocked, id=13708, stack(0x0000009d3b800000,0x0000009d3b900000) (1024K)]
  0x0000021849b56810 JavaThread "Unconstrained build operations Thread 8"        [_thread_blocked, id=12816, stack(0x0000009d3b900000,0x0000009d3ba00000) (1024K)]
  0x0000021849b58250 JavaThread "Unconstrained build operations Thread 9"        [_thread_blocked, id=19760, stack(0x0000009d3ba00000,0x0000009d3bb00000) (1024K)]
  0x0000021849b55af0 JavaThread "Unconstrained build operations Thread 10"        [_thread_blocked, id=4864, stack(0x0000009d3bb00000,0x0000009d3bc00000) (1024K)]
  0x0000021849b56ea0 JavaThread "Unconstrained build operations Thread 11"        [_thread_blocked, id=22508, stack(0x0000009d3bc00000,0x0000009d3bd00000) (1024K)]
  0x0000021849b54dd0 JavaThread "Unconstrained build operations Thread 12"        [_thread_blocked, id=14552, stack(0x0000009d3be00000,0x0000009d3bf00000) (1024K)]
  0x0000021849b588e0 JavaThread "Unconstrained build operations Thread 13"        [_thread_blocked, id=17456, stack(0x0000009d3bf00000,0x0000009d3c000000) (1024K)]
  0x0000021849b55460 JavaThread "Unconstrained build operations Thread 14"        [_thread_blocked, id=4008, stack(0x0000009d3c000000,0x0000009d3c100000) (1024K)]
  0x0000021849b5a320 JavaThread "Unconstrained build operations Thread 15"        [_thread_blocked, id=21972, stack(0x0000009d3c100000,0x0000009d3c200000) (1024K)]
  0x0000021849b58f70 JavaThread "Unconstrained build operations Thread 16"        [_thread_blocked, id=9104, stack(0x0000009d3c200000,0x0000009d3c300000) (1024K)]
  0x0000021849b5a9b0 JavaThread "Unconstrained build operations Thread 17"        [_thread_blocked, id=27232, stack(0x0000009d3c300000,0x0000009d3c400000) (1024K)]
  0x0000021849b59600 JavaThread "Unconstrained build operations Thread 18"        [_thread_blocked, id=18888, stack(0x0000009d3c400000,0x0000009d3c500000) (1024K)]
  0x0000021849b5b040 JavaThread "Unconstrained build operations Thread 19"        [_thread_blocked, id=6020, stack(0x0000009d3c500000,0x0000009d3c600000) (1024K)]
  0x0000021849b59c90 JavaThread "Unconstrained build operations Thread 20"        [_thread_blocked, id=6344, stack(0x0000009d3c600000,0x0000009d3c700000) (1024K)]
  0x0000021848ae94f0 JavaThread "Unconstrained build operations Thread 21"        [_thread_blocked, id=21720, stack(0x0000009d3c700000,0x0000009d3c800000) (1024K)]
  0x0000021848aeaf30 JavaThread "Unconstrained build operations Thread 22"        [_thread_blocked, id=1704, stack(0x0000009d3c800000,0x0000009d3c900000) (1024K)]
  0x0000021848ae9b80 JavaThread "Unconstrained build operations Thread 23"        [_thread_blocked, id=12216, stack(0x0000009d3c900000,0x0000009d3ca00000) (1024K)]
  0x0000021848aed690 JavaThread "Unconstrained build operations Thread 24"        [_thread_blocked, id=15636, stack(0x0000009d3ca00000,0x0000009d3cb00000) (1024K)]
  0x0000021848aea210 JavaThread "Unconstrained build operations Thread 25"        [_thread_blocked, id=4004, stack(0x0000009d3cb00000,0x0000009d3cc00000) (1024K)]
  0x0000021848aedd20 JavaThread "Unconstrained build operations Thread 26"        [_thread_blocked, id=20160, stack(0x0000009d3cc00000,0x0000009d3cd00000) (1024K)]
  0x0000021848aebc50 JavaThread "Unconstrained build operations Thread 27"        [_thread_blocked, id=10324, stack(0x0000009d3cd00000,0x0000009d3ce00000) (1024K)]
  0x0000021848aea8a0 JavaThread "Unconstrained build operations Thread 28"        [_thread_blocked, id=18912, stack(0x0000009d3ce00000,0x0000009d3cf00000) (1024K)]
  0x0000021848aee3b0 JavaThread "Unconstrained build operations Thread 29"        [_thread_blocked, id=2728, stack(0x0000009d3cf00000,0x0000009d3d000000) (1024K)]
  0x0000021848aeea40 JavaThread "Unconstrained build operations Thread 30"        [_thread_blocked, id=22048, stack(0x0000009d3d000000,0x0000009d3d100000) (1024K)]
  0x0000021848aeb5c0 JavaThread "Unconstrained build operations Thread 31"        [_thread_blocked, id=5392, stack(0x0000009d3d100000,0x0000009d3d200000) (1024K)]
  0x0000021848af0b10 JavaThread "Unconstrained build operations Thread 32"        [_thread_blocked, id=25840, stack(0x0000009d3d200000,0x0000009d3d300000) (1024K)]
  0x0000021848aef0d0 JavaThread "Unconstrained build operations Thread 33"        [_thread_blocked, id=7288, stack(0x0000009d3d300000,0x0000009d3d400000) (1024K)]
  0x0000021848aef760 JavaThread "Unconstrained build operations Thread 34"        [_thread_blocked, id=26656, stack(0x0000009d3d400000,0x0000009d3d500000) (1024K)]
  0x0000021848aefdf0 JavaThread "Unconstrained build operations Thread 35"        [_thread_blocked, id=2496, stack(0x0000009d3d500000,0x0000009d3d600000) (1024K)]
  0x0000021848af0480 JavaThread "Unconstrained build operations Thread 36"        [_thread_blocked, id=16868, stack(0x0000009d3d600000,0x0000009d3d700000) (1024K)]
  0x000002184a0d40a0 JavaThread "Unconstrained build operations Thread 37"        [_thread_blocked, id=22632, stack(0x0000009d3d700000,0x0000009d3d800000) (1024K)]
  0x000002184a0d6e90 JavaThread "Unconstrained build operations Thread 38"        [_thread_blocked, id=13600, stack(0x0000009d3d800000,0x0000009d3d900000) (1024K)]
  0x000002184a0d5450 JavaThread "Unconstrained build operations Thread 39"        [_thread_blocked, id=21100, stack(0x0000009d3d900000,0x0000009d3da00000) (1024K)]
  0x000002184a0d4dc0 JavaThread "Unconstrained build operations Thread 40"        [_thread_blocked, id=14672, stack(0x0000009d3da00000,0x0000009d3db00000) (1024K)]
  0x000002184a0d5ae0 JavaThread "Unconstrained build operations Thread 41"        [_thread_blocked, id=7100, stack(0x0000009d3db00000,0x0000009d3dc00000) (1024K)]
  0x000002184a0d4730 JavaThread "Unconstrained build operations Thread 42"        [_thread_blocked, id=23008, stack(0x0000009d3dc00000,0x0000009d3dd00000) (1024K)]
  0x000002184a0d6170 JavaThread "Unconstrained build operations Thread 43"        [_thread_blocked, id=27524, stack(0x0000009d3dd00000,0x0000009d3de00000) (1024K)]
  0x000002184a0d6800 JavaThread "Unconstrained build operations Thread 44"        [_thread_blocked, id=13688, stack(0x0000009d3de00000,0x0000009d3df00000) (1024K)]
  0x000002184a0d3a10 JavaThread "Unconstrained build operations Thread 45"        [_thread_blocked, id=15060, stack(0x0000009d3df00000,0x0000009d3e000000) (1024K)]
  0x000002184a0da310 JavaThread "Unconstrained build operations Thread 46"        [_thread_blocked, id=1724, stack(0x0000009d3e000000,0x0000009d3e100000) (1024K)]
  0x000002184a0da9a0 JavaThread "Unconstrained build operations Thread 47"        [_thread_blocked, id=18112, stack(0x0000009d3e100000,0x0000009d3e200000) (1024K)]
  0x000002184a0d95f0 JavaThread "Unconstrained build operations Thread 48"        [_thread_blocked, id=836, stack(0x0000009d3e200000,0x0000009d3e300000) (1024K)]
  0x000002184a0d7bb0 JavaThread "Unconstrained build operations Thread 49"        [_thread_blocked, id=23156, stack(0x0000009d3e300000,0x0000009d3e400000) (1024K)]
  0x000002184a0d7520 JavaThread "Unconstrained build operations Thread 50"        [_thread_blocked, id=9008, stack(0x0000009d3e400000,0x0000009d3e500000) (1024K)]
  0x000002184a0db030 JavaThread "Unconstrained build operations Thread 51"        [_thread_blocked, id=17296, stack(0x0000009d3e500000,0x0000009d3e600000) (1024K)]
  0x000002184a0d8240 JavaThread "Unconstrained build operations Thread 52"        [_thread_blocked, id=5744, stack(0x0000009d3e600000,0x0000009d3e700000) (1024K)]
  0x00000218498e2e60 JavaThread "Unconstrained build operations Thread 53"        [_thread_blocked, id=19712, stack(0x0000009d3e700000,0x0000009d3e800000) (1024K)]
  0x00000218498e34f0 JavaThread "Unconstrained build operations Thread 54"        [_thread_blocked, id=19384, stack(0x0000009d3e800000,0x0000009d3e900000) (1024K)]
  0x00000218498e3b80 JavaThread "Unconstrained build operations Thread 55"        [_thread_blocked, id=24500, stack(0x0000009d3e900000,0x0000009d3ea00000) (1024K)]
  0x00000218498e1ab0 JavaThread "Unconstrained build operations Thread 56"        [_thread_blocked, id=17856, stack(0x0000009d3ea00000,0x0000009d3eb00000) (1024K)]
  0x00000218498e5c50 JavaThread "Unconstrained build operations Thread 57"        [_thread_blocked, id=27480, stack(0x0000009d3eb00000,0x0000009d3ec00000) (1024K)]
  0x00000218498e6970 JavaThread "Unconstrained build operations Thread 58"        [_thread_blocked, id=18356, stack(0x0000009d3ec00000,0x0000009d3ed00000) (1024K)]
  0x00000218498e4f30 JavaThread "Unconstrained build operations Thread 59"        [_thread_blocked, id=22484, stack(0x0000009d3ed00000,0x0000009d3ee00000) (1024K)]
  0x00000218498e4210 JavaThread "Unconstrained build operations Thread 60"        [_thread_blocked, id=10904, stack(0x0000009d3ee00000,0x0000009d3ef00000) (1024K)]
  0x00000218498e90d0 JavaThread "Unconstrained build operations Thread 61"        [_thread_blocked, id=12620, stack(0x0000009d3ef00000,0x0000009d3f000000) (1024K)]
  0x00000218498e7d20 JavaThread "Unconstrained build operations Thread 62"        [_thread_blocked, id=4348, stack(0x0000009d3f000000,0x0000009d3f100000) (1024K)]
  0x00000218498e8a40 JavaThread "Unconstrained build operations Thread 63"        [_thread_blocked, id=21024, stack(0x0000009d3f100000,0x0000009d3f200000) (1024K)]
  0x00000218498e62e0 JavaThread "Unconstrained build operations Thread 64"        [_thread_blocked, id=10776, stack(0x0000009d3f200000,0x0000009d3f300000) (1024K)]
  0x00000218498e83b0 JavaThread "Unconstrained build operations Thread 65"        [_thread_blocked, id=5072, stack(0x0000009d3f300000,0x0000009d3f400000) (1024K)]
  0x00000218498e7000 JavaThread "Unconstrained build operations Thread 66"        [_thread_blocked, id=22108, stack(0x0000009d3f400000,0x0000009d3f500000) (1024K)]
  0x00000218498e7690 JavaThread "Unconstrained build operations Thread 67"        [_thread_blocked, id=6060, stack(0x0000009d3f500000,0x0000009d3f600000) (1024K)]
  0x000002184bc9cfe0 JavaThread "Unconstrained build operations Thread 68"        [_thread_blocked, id=15792, stack(0x0000009d3f600000,0x0000009d3f700000) (1024K)]
  0x000002184bc9f740 JavaThread "Problems report writer"            [_thread_blocked, id=19596, stack(0x0000009d3f700000,0x0000009d3f800000) (1024K)]
  0x000002184bc9c2c0 JavaThread "build event listener"              [_thread_blocked, id=7980, stack(0x0000009d3f800000,0x0000009d3f900000) (1024K)]
  0x000002184bc9d670 JavaThread "build event listener"              [_thread_blocked, id=24192, stack(0x0000009d3f900000,0x0000009d3fa00000) (1024K)]
  0x000002184bca1180 JavaThread "included builds"                   [_thread_blocked, id=23480, stack(0x0000009d3fa00000,0x0000009d3fb00000) (1024K)]
  0x000002184bca1ea0 JavaThread "Execution worker"                  [_thread_blocked, id=23308, stack(0x0000009d3fb00000,0x0000009d3fc00000) (1024K)]
  0x000002184bca1810 JavaThread "Execution worker Thread 2"         [_thread_blocked, id=12880, stack(0x0000009d3fc00000,0x0000009d3fd00000) (1024K)]
  0x000002188b90c9b0 JavaThread "Execution worker Thread 3"         [_thread_blocked, id=23320, stack(0x0000009d3fd00000,0x0000009d3fe00000) (1024K)]
  0x000002188b90dd60 JavaThread "Execution worker Thread 4"         [_thread_blocked, id=24080, stack(0x0000009d3fe00000,0x0000009d3ff00000) (1024K)]
  0x000002188b90af70 JavaThread "Execution worker Thread 5"         [_thread_blocked, id=2484, stack(0x0000009d3ff00000,0x0000009d40000000) (1024K)]
  0x000002188b90b600 JavaThread "Execution worker Thread 6"         [_thread_blocked, id=14024, stack(0x0000009d40000000,0x0000009d40100000) (1024K)]
  0x000002188b90d040 JavaThread "Execution worker Thread 7"         [_thread_in_Java, id=14652, stack(0x0000009d40100000,0x0000009d40200000) (1024K)]
  0x000002188b90e3f0 JavaThread "Execution worker Thread 8"         [_thread_blocked, id=7096, stack(0x0000009d40200000,0x0000009d40300000) (1024K)]
  0x000002188b90ea80 JavaThread "Execution worker Thread 9"         [_thread_blocked, id=12092, stack(0x0000009d40300000,0x0000009d40400000) (1024K)]
  0x000002188b90f110 JavaThread "Execution worker Thread 10"        [_thread_blocked, id=5304, stack(0x0000009d40400000,0x0000009d40500000) (1024K)]
  0x000002188b90bc90 JavaThread "Execution worker Thread 11"        [_thread_blocked, id=11656, stack(0x0000009d40500000,0x0000009d40600000) (1024K)]
  0x000002188b90c320 JavaThread "Cache worker for execution history cache (D:\BlurFace\.gradle\9.2.1\executionHistory)"        [_thread_blocked, id=12148, stack(0x0000009d40600000,0x0000009d40700000) (1024K)]
  0x000002188b90fe30 JavaThread "Unconstrained build operations Thread 69"        [_thread_blocked, id=9188, stack(0x0000009d40700000,0x0000009d40800000) (1024K)]
  0x000002188b918800 JavaThread "Unconstrained build operations Thread 70"        [_thread_blocked, id=4784, stack(0x0000009d40800000,0x0000009d40900000) (1024K)]
  0x000002188b918e90 JavaThread "Unconstrained build operations Thread 71"        [_thread_blocked, id=2064, stack(0x0000009d40900000,0x0000009d40a00000) (1024K)]
  0x000002188b916dc0 JavaThread "Unconstrained build operations Thread 72"        [_thread_blocked, id=22136, stack(0x0000009d40a00000,0x0000009d40b00000) (1024K)]
  0x000002188b919520 JavaThread "Unconstrained build operations Thread 73"        [_thread_blocked, id=8564, stack(0x0000009d40b00000,0x0000009d40c00000) (1024K)]
  0x000002188b9160a0 JavaThread "Unconstrained build operations Thread 74"        [_thread_blocked, id=9256, stack(0x0000009d40c00000,0x0000009d40d00000) (1024K)]
  0x000002188b91b5f0 JavaThread "Unconstrained build operations Thread 75"        [_thread_blocked, id=17420, stack(0x0000009d40d00000,0x0000009d40e00000) (1024K)]
  0x000002188b91bc80 JavaThread "Unconstrained build operations Thread 76"        [_thread_blocked, id=7700, stack(0x0000009d40e00000,0x0000009d40f00000) (1024K)]
  0x000002188b91c310 JavaThread "Unconstrained build operations Thread 77"        [_thread_blocked, id=6968, stack(0x0000009d40f00000,0x0000009d41000000) (1024K)]
  0x000002188b91c9a0 JavaThread "Unconstrained build operations Thread 78"        [_thread_blocked, id=9596, stack(0x0000009d41000000,0x0000009d41100000) (1024K)]
  0x000002188b91d030 JavaThread "Unconstrained build operations Thread 79"        [_thread_blocked, id=10204, stack(0x0000009d41100000,0x0000009d41200000) (1024K)]
  0x000002188b91a8d0 JavaThread "Unconstrained build operations Thread 80"        [_thread_blocked, id=20456, stack(0x0000009d41200000,0x0000009d41300000) (1024K)]
  0x000002188b919bb0 JavaThread "Unconstrained build operations Thread 81"        [_thread_blocked, id=14972, stack(0x0000009d41300000,0x0000009d41400000) (1024K)]
  0x000002188b91d6c0 JavaThread "Unconstrained build operations Thread 82"        [_thread_blocked, id=10868, stack(0x0000009d41400000,0x0000009d41500000) (1024K)]
  0x000002188b91a240 JavaThread "Unconstrained build operations Thread 83"        [_thread_blocked, id=13796, stack(0x0000009d41600000,0x0000009d41700000) (1024K)]
  0x000002188b91dd50 JavaThread "Unconstrained build operations Thread 84"        [_thread_blocked, id=19204, stack(0x0000009d41700000,0x0000009d41800000) (1024K)]
  0x000002188b91e3e0 JavaThread "Unconstrained build operations Thread 85"        [_thread_blocked, id=8868, stack(0x0000009d41800000,0x0000009d41900000) (1024K)]
  0x000002188b91af60 JavaThread "Unconstrained build operations Thread 86"        [_thread_blocked, id=25612, stack(0x0000009d41900000,0x0000009d41a00000) (1024K)]
  0x000002188b91ea70 JavaThread "Unconstrained build operations Thread 87"        [_thread_blocked, id=20028, stack(0x0000009d41a00000,0x0000009d41b00000) (1024K)]
  0x000002188b920b40 JavaThread "Unconstrained build operations Thread 88"        [_thread_blocked, id=5300, stack(0x0000009d41b00000,0x0000009d41c00000) (1024K)]
  0x000002188b921ef0 JavaThread "Unconstrained build operations Thread 89"        [_thread_blocked, id=3596, stack(0x0000009d41c00000,0x0000009d41d00000) (1024K)]
  0x000002188b9232a0 JavaThread "Unconstrained build operations Thread 90"        [_thread_blocked, id=19328, stack(0x0000009d3bd00000,0x0000009d3be00000) (1024K)]
  0x000002188b922580 JavaThread "Unconstrained build operations Thread 91"        [_thread_blocked, id=10496, stack(0x0000009d41d00000,0x0000009d41e00000) (1024K)]
  0x000002188b921860 JavaThread "Unconstrained build operations Thread 92"        [_thread_blocked, id=8308, stack(0x0000009d41e00000,0x0000009d41f00000) (1024K)]
  0x000002188b91fe20 JavaThread "Unconstrained build operations Thread 93"        [_thread_blocked, id=12828, stack(0x0000009d41f00000,0x0000009d42000000) (1024K)]
  0x000002188b922c10 JavaThread "Unconstrained build operations Thread 94"        [_thread_blocked, id=6572, stack(0x0000009d42000000,0x0000009d42100000) (1024K)]
  0x000002188b9211d0 JavaThread "Unconstrained build operations Thread 95"        [_thread_blocked, id=22760, stack(0x0000009d42100000,0x0000009d42200000) (1024K)]
  0x000002188b923930 JavaThread "Unconstrained build operations Thread 96"        [_thread_blocked, id=11380, stack(0x0000009d42200000,0x0000009d42300000) (1024K)]
  0x000002188b9204b0 JavaThread "Unconstrained build operations Thread 97"        [_thread_blocked, id=24296, stack(0x0000009d42300000,0x0000009d42400000) (1024K)]
  0x000002188b923fc0 JavaThread "Unconstrained build operations Thread 98"        [_thread_blocked, id=15904, stack(0x0000009d42400000,0x0000009d42500000) (1024K)]
  0x000002188b924650 JavaThread "Unconstrained build operations Thread 99"        [_thread_blocked, id=12600, stack(0x0000009d42500000,0x0000009d42600000) (1024K)]
  0x000002188b924ce0 JavaThread "Unconstrained build operations Thread 100"        [_thread_blocked, id=11608, stack(0x0000009d42600000,0x0000009d42700000) (1024K)]
  0x000002188b928e80 JavaThread "WorkerExecutor Queue"              [_thread_blocked, id=25040, stack(0x0000009d42700000,0x0000009d42800000) (1024K)]
  0x000002188b926720 JavaThread "Unconstrained build operations Thread 101"        [_thread_blocked, id=23112, stack(0x0000009d42800000,0x0000009d42900000) (1024K)]
  0x000002188c30e7e0 JavaThread "WorkerExecutor Queue Thread 2"        [_thread_blocked, id=1416, stack(0x0000009d42900000,0x0000009d42a00000) (1024K)]
  0x000002187f6b8910 JavaThread "Unconstrained build operations Thread 102"        [_thread_blocked, id=25240, stack(0x0000009d42a00000,0x0000009d42b00000) (1024K)]
  0x000002187f6b8fa0 JavaThread "Unconstrained build operations Thread 103"        [_thread_blocked, id=13640, stack(0x0000009d42b00000,0x0000009d42c00000) (1024K)]
  0x000002187ff01ab0 JavaThread "Unconstrained build operations Thread 104"        [_thread_blocked, id=25012, stack(0x0000009d42c00000,0x0000009d42d00000) (1024K)]
  0x000002187fefecc0 JavaThread "Unconstrained build operations Thread 105"        [_thread_blocked, id=10416, stack(0x0000009d42d00000,0x0000009d42e00000) (1024K)]
  0x000002187ff01420 JavaThread "Unconstrained build operations Thread 106"        [_thread_blocked, id=14300, stack(0x0000009d42e00000,0x0000009d42f00000) (1024K)]
  0x000002187ff00d90 JavaThread "Unconstrained build operations Thread 107"        [_thread_blocked, id=14064, stack(0x0000009d42f00000,0x0000009d43000000) (1024K)]
  0x000002187ff02140 JavaThread "Unconstrained build operations Thread 108"        [_thread_blocked, id=11260, stack(0x0000009d43000000,0x0000009d43100000) (1024K)]
  0x000002187feff350 JavaThread "Unconstrained build operations Thread 109"        [_thread_blocked, id=9124, stack(0x0000009d43100000,0x0000009d43200000) (1024K)]
  0x000002187feff9e0 JavaThread "Unconstrained build operations Thread 110"        [_thread_blocked, id=26064, stack(0x0000009d43200000,0x0000009d43300000) (1024K)]
  0x000002187ff00070 JavaThread "Unconstrained build operations Thread 111"        [_thread_blocked, id=20372, stack(0x0000009d43300000,0x0000009d43400000) (1024K)]
  0x000002187ff00700 JavaThread "Unconstrained build operations Thread 112"        [_thread_blocked, id=16004, stack(0x0000009d43400000,0x0000009d43500000) (1024K)]
  0x000002185915cb20 JavaThread "Unconstrained build operations Thread 113"        [_thread_blocked, id=24532, stack(0x0000009d43500000,0x0000009d43600000) (1024K)]
  0x000002185915ded0 JavaThread "Unconstrained build operations Thread 114"        [_thread_blocked, id=20788, stack(0x0000009d43600000,0x0000009d43700000) (1024K)]
  0x000002185915d1b0 JavaThread "Unconstrained build operations Thread 115"        [_thread_blocked, id=2480, stack(0x0000009d43700000,0x0000009d43800000) (1024K)]
  0x000002188cfe9a40 JavaThread "Unconstrained build operations Thread 116"        [_thread_blocked, id=14124, stack(0x0000009d43800000,0x0000009d43900000) (1024K)]
  0x000002188cfebb10 JavaThread "Unconstrained build operations Thread 117"        [_thread_blocked, id=14316, stack(0x0000009d43900000,0x0000009d43a00000) (1024K)]
  0x000002188cfeb480 JavaThread "Unconstrained build operations Thread 118"        [_thread_blocked, id=4080, stack(0x0000009d43a00000,0x0000009d43b00000) (1024K)]
  0x000002188cfec1a0 JavaThread "Unconstrained build operations Thread 119"        [_thread_blocked, id=21876, stack(0x0000009d43b00000,0x0000009d43c00000) (1024K)]
  0x000002188cfe8d20 JavaThread "Unconstrained build operations Thread 120"        [_thread_blocked, id=7008, stack(0x0000009d43c00000,0x0000009d43d00000) (1024K)]
  0x000002188c30c8a0 JavaThread "WorkerExecutor Queue Thread 3"        [_thread_blocked, id=23980, stack(0x0000009d43d00000,0x0000009d43e00000) (1024K)]
  0x000002185915e560 JavaThread "pool-5-thread-1"                   [_thread_blocked, id=11980, stack(0x0000009d43e00000,0x0000009d43f00000) (1024K)]
  0x000002184b210240 JavaThread "stderr"                            [_thread_in_native, id=8632, stack(0x0000009d43f00000,0x0000009d44000000) (1024K)]
  0x000002184b210f60 JavaThread "stdout"                            [_thread_in_native, id=16712, stack(0x0000009d44000000,0x0000009d44100000) (1024K)]
  0x00000218594126e0 JavaThread "WorkerExecutor Queue Thread 4"        [_thread_blocked, id=25304, stack(0x0000009d44100000,0x0000009d44200000) (1024K)]
  0x000002184c2ef4d0 JavaThread "RMI Scheduler(0)"           daemon [_thread_blocked, id=3688, stack(0x0000009d44200000,0x0000009d44300000) (1024K)]
  0x000002184c2f0880 JavaThread "RMI GC Daemon"              daemon [_thread_blocked, id=13300, stack(0x0000009d44400000,0x0000009d44500000) (1024K)]
  0x000002184c2f15a0 JavaThread "RMI TCP Accept-0"           daemon [_thread_in_native, id=7068, stack(0x0000009d44500000,0x0000009d44600000) (1024K)]
  0x000002184c2f0f10 JavaThread "RMI Reaper"                        [_thread_blocked, id=24460, stack(0x0000009d44600000,0x0000009d44700000) (1024K)]
  0x000002187f4ebdb0 JavaThread "RMI TCP Connection(2)-127.0.0.1" daemon [_thread_in_native, id=18448, stack(0x0000009d44700000,0x0000009d44800000) (1024K)]
=>0x000002187f46dd90 JavaThread "C2 CompilerThread1"         daemon [_thread_in_native, id=21012, stack(0x0000009d44800000,0x0000009d44900000) (1024K)]
  0x000002184c2f1c30 JavaThread "Cache worker for Java compile cache (C:\Users\zarfi\.gradle\caches\9.2.1\javaCompile)"        [_thread_blocked, id=24364, stack(0x0000009d44900000,0x0000009d44a00000) (1024K)]
  0x0000021859411330 JavaThread "Build operations"                  [_thread_blocked, id=11012, stack(0x0000009d44a00000,0x0000009d44b00000) (1024K)]
  0x00000218594119c0 JavaThread "Build operations Thread 2"         [_thread_blocked, id=13000, stack(0x0000009d44b00000,0x0000009d44c00000) (1024K)]
  0x0000021859412050 JavaThread "Build operations Thread 3"         [_thread_blocked, id=15696, stack(0x0000009d44c00000,0x0000009d44d00000) (1024K)]
  0x0000021859413400 JavaThread "Build operations Thread 4"         [_thread_blocked, id=11112, stack(0x0000009d44d00000,0x0000009d44e00000) (1024K)]
  0x000002188c30d430 JavaThread "Build operations Thread 5"         [_thread_blocked, id=3676, stack(0x0000009d44e00000,0x0000009d44f00000) (1024K)]
  0x000002185bf67410 JavaThread "Build operations Thread 6"         [_thread_blocked, id=10544, stack(0x0000009d44f00000,0x0000009d45000000) (1024K)]
  0x000002185bf666f0 JavaThread "Build operations Thread 7"         [_thread_blocked, id=7164, stack(0x0000009d45000000,0x0000009d45100000) (1024K)]
  0x000002185bf68130 JavaThread "Build operations Thread 8"         [_thread_blocked, id=15736, stack(0x0000009d45100000,0x0000009d45200000) (1024K)]
  0x000002185bf687c0 JavaThread "Build operations Thread 9"         [_thread_blocked, id=2304, stack(0x0000009d45200000,0x0000009d45300000) (1024K)]
  0x000002185bf66060 JavaThread "Build operations Thread 10"        [_thread_blocked, id=14464, stack(0x0000009d45300000,0x0000009d45400000) (1024K)]
  0x000002185bf67aa0 JavaThread "Build operations Thread 11"        [_thread_blocked, id=4264, stack(0x0000009d45400000,0x0000009d45500000) (1024K)]
Total: 206

Other Threads:
  0x000002187b7fe2d0 VMThread "VM Thread"                           [id=26060, stack(0x0000009d37e00000,0x0000009d37f00000) (1024K)]
  0x000002187b7ec030 WatcherThread "VM Periodic Task Thread"        [id=9364, stack(0x0000009d37d00000,0x0000009d37e00000) (1024K)]
  0x000002185e7c6520 WorkerThread "GC Thread#0"                     [id=18400, stack(0x0000009d37800000,0x0000009d37900000) (1024K)]
  0x000002184540e850 WorkerThread "GC Thread#1"                     [id=3880, stack(0x0000009d38a00000,0x0000009d38b00000) (1024K)]
  0x000002184512d320 WorkerThread "GC Thread#2"                     [id=6348, stack(0x0000009d38b00000,0x0000009d38c00000) (1024K)]
  0x0000021845dfbde0 WorkerThread "GC Thread#3"                     [id=13536, stack(0x0000009d38900000,0x0000009d38a00000) (1024K)]
  0x0000021845f4b9c0 WorkerThread "GC Thread#4"                     [id=6812, stack(0x0000009d38c00000,0x0000009d38d00000) (1024K)]
  0x0000021846d41960 WorkerThread "GC Thread#5"                     [id=19580, stack(0x0000009d39000000,0x0000009d39100000) (1024K)]
  0x0000021846d1a880 WorkerThread "GC Thread#6"                     [id=16804, stack(0x0000009d39100000,0x0000009d39200000) (1024K)]
  0x000002184538ed50 WorkerThread "GC Thread#7"                     [id=8704, stack(0x0000009d39200000,0x0000009d39300000) (1024K)]
  0x0000021846cee0e0 WorkerThread "GC Thread#8"                     [id=11092, stack(0x0000009d39300000,0x0000009d39400000) (1024K)]
  0x0000021846cecec0 WorkerThread "GC Thread#9"                     [id=10696, stack(0x0000009d39400000,0x0000009d39500000) (1024K)]
  0x000002185e7d8290 ConcurrentGCThread "G1 Main Marker"            [id=14196, stack(0x0000009d37900000,0x0000009d37a00000) (1024K)]
  0x000002185e7d9440 WorkerThread "G1 Conc#0"                       [id=17576, stack(0x0000009d37a00000,0x0000009d37b00000) (1024K)]
  0x0000021846ced260 WorkerThread "G1 Conc#1"                       [id=14204, stack(0x0000009d3a000000,0x0000009d3a100000) (1024K)]
  0x0000021846ced600 WorkerThread "G1 Conc#2"                       [id=13320, stack(0x0000009d3a100000,0x0000009d3a200000) (1024K)]
  0x000002187b6bb2a0 ConcurrentGCThread "G1 Refine#0"               [id=5880, stack(0x0000009d37b00000,0x0000009d37c00000) (1024K)]
  0x000002187b6bbac0 ConcurrentGCThread "G1 Service"                [id=23656, stack(0x0000009d37c00000,0x0000009d37d00000) (1024K)]
Total: 18

Threads with active compile tasks:
C2 CompilerThread0  2602229 32048       4       org.gradle.internal.serialize.HierarchicalNameSerializer::readName (51 bytes)
C2 CompilerThread1  2602229 32080       4       org.gradle.api.internal.tasks.compile.incremental.compilerapi.deps.DependentSetSerializer::read (198 bytes)
Total: 2

VM state: not at safepoint (normal execution)

VM Mutex/Monitor currently owned by a thread: None

Heap address: 0x0000000080000000, size: 2048 MB, Compressed Oops mode: 32-bit

CDS archive(s) mapped at: [0x0000021800000000-0x0000021800c80000-0x0000021800c80000), size 13107200, SharedBaseAddress: 0x0000021800000000, ArchiveRelocationMode: 1.
Compressed class space mapped at: 0x0000021801000000-0x0000021841000000, reserved size: 1073741824
Narrow klass base: 0x0000021800000000, Narrow klass shift: 0, Narrow klass range: 0x100000000

GC Precious Log:
 CardTable entry size: 512
 Card Set container configuration: InlinePtr #cards 5 size 8 Array Of Cards #cards 12 size 40 Howl #buckets 4 coarsen threshold 1843 Howl Bitmap #cards 512 size 80 coarsen threshold 460 Card regions per heap region 1 cards per card region 2048
 CPUs: 12 total, 12 available
 Memory: 7582M
 Large Page Support: Disabled
 NUMA Support: Disabled
 Compressed Oops: Enabled (32-bit)
 Heap Region Size: 1M
 Heap Min Capacity: 8M
 Heap Initial Capacity: 120M
 Heap Max Capacity: 2G
 Pre-touch: Disabled
 Parallel Workers: 10
 Concurrent Workers: 3
 Concurrent Refinement Workers: 10
 Periodic GC: Disabled

Heap:
 garbage-first heap   total 527360K, used 302001K [0x0000000080000000, 0x0000000100000000)
  region size 1024K, 62 young (63488K), 21 survivors (21504K)
 Metaspace       used 220940K, committed 222784K, reserved 1245184K
  class space    used 27925K, committed 28800K, reserved 1048576K

Heap Regions: E=young(eden), S=young(survivor), O=old, HS=humongous(starts), HC=humongous(continues), CS=collection set, F=free, TAMS=top-at-mark-start, PB=parsable bottom
|   0|0x0000000080000000, 0x0000000080100000, 0x0000000080100000|100%|HS|  |TAMS 0x0000000080000000| PB 0x0000000080000000| Complete 
|   1|0x0000000080100000, 0x0000000080200000, 0x0000000080200000|100%|HC|  |TAMS 0x0000000080100000| PB 0x0000000080100000| Complete 
|   2|0x0000000080200000, 0x0000000080300000, 0x0000000080300000|100%|HC|  |TAMS 0x0000000080200000| PB 0x0000000080200000| Complete 
|   3|0x0000000080300000, 0x0000000080400000, 0x0000000080400000|100%|HC|  |TAMS 0x0000000080300000| PB 0x0000000080300000| Complete 
|   4|0x0000000080400000, 0x0000000080500000, 0x0000000080500000|100%| O|  |TAMS 0x0000000080400000| PB 0x0000000080400000| Untracked 
|   5|0x0000000080500000, 0x0000000080600000, 0x0000000080600000|100%| O|  |TAMS 0x0000000080500000| PB 0x0000000080500000| Untracked 
|   6|0x0000000080600000, 0x0000000080700000, 0x0000000080700000|100%| O|  |TAMS 0x0000000080600000| PB 0x0000000080600000| Untracked 
|   7|0x0000000080700000, 0x0000000080800000, 0x0000000080800000|100%|HS|  |TAMS 0x0000000080700000| PB 0x0000000080700000| Complete 
|   8|0x0000000080800000, 0x0000000080900000, 0x0000000080900000|100%| O|  |TAMS 0x0000000080800000| PB 0x0000000080800000| Untracked 
|   9|0x0000000080900000, 0x0000000080a00000, 0x0000000080a00000|100%| O|  |TAMS 0x0000000080900000| PB 0x0000000080900000| Untracked 
|  10|0x0000000080a00000, 0x0000000080b00000, 0x0000000080b00000|100%| O|  |TAMS 0x0000000080a00000| PB 0x0000000080a00000| Untracked 
|  11|0x0000000080b00000, 0x0000000080c00000, 0x0000000080c00000|100%| O|  |TAMS 0x0000000080b00000| PB 0x0000000080b00000| Untracked 
|  12|0x0000000080c00000, 0x0000000080d00000, 0x0000000080d00000|100%| O|  |TAMS 0x0000000080c00000| PB 0x0000000080c00000| Untracked 
|  13|0x0000000080d00000, 0x0000000080e00000, 0x0000000080e00000|100%| O|  |TAMS 0x0000000080d00000| PB 0x0000000080d00000| Untracked 
|  14|0x0000000080e00000, 0x0000000080f00000, 0x0000000080f00000|100%| O|  |TAMS 0x0000000080e00000| PB 0x0000000080e00000| Untracked 
|  15|0x0000000080f00000, 0x0000000081000000, 0x0000000081000000|100%| O|  |TAMS 0x0000000080f00000| PB 0x0000000080f00000| Untracked 
|  16|0x0000000081000000, 0x0000000081100000, 0x0000000081100000|100%| O|  |TAMS 0x0000000081000000| PB 0x0000000081000000| Untracked 
|  17|0x0000000081100000, 0x0000000081200000, 0x0000000081200000|100%| O|  |TAMS 0x0000000081100000| PB 0x0000000081100000| Untracked 
|  18|0x0000000081200000, 0x0000000081300000, 0x0000000081300000|100%| O|  |TAMS 0x0000000081200000| PB 0x0000000081200000| Untracked 
|  19|0x0000000081300000, 0x0000000081400000, 0x0000000081400000|100%| O|  |TAMS 0x0000000081300000| PB 0x0000000081300000| Untracked 
|  20|0x0000000081400000, 0x0000000081500000, 0x0000000081500000|100%| O|  |TAMS 0x0000000081400000| PB 0x0000000081400000| Untracked 
|  21|0x0000000081500000, 0x0000000081600000, 0x0000000081600000|100%|HS|  |TAMS 0x0000000081500000| PB 0x0000000081500000| Complete 
|  22|0x0000000081600000, 0x0000000081700000, 0x0000000081700000|100%| O|  |TAMS 0x0000000081600000| PB 0x0000000081600000| Untracked 
|  23|0x0000000081700000, 0x0000000081800000, 0x0000000081800000|100%| O|  |TAMS 0x0000000081700000| PB 0x0000000081700000| Untracked 
|  24|0x0000000081800000, 0x0000000081900000, 0x0000000081900000|100%|HS|  |TAMS 0x0000000081800000| PB 0x0000000081800000| Complete 
|  25|0x0000000081900000, 0x0000000081a00000, 0x0000000081a00000|100%|HC|  |TAMS 0x0000000081900000| PB 0x0000000081900000| Complete 
|  26|0x0000000081a00000, 0x0000000081b00000, 0x0000000081b00000|100%|HC|  |TAMS 0x0000000081a00000| PB 0x0000000081a00000| Complete 
|  27|0x0000000081b00000, 0x0000000081c00000, 0x0000000081c00000|100%|HC|  |TAMS 0x0000000081b00000| PB 0x0000000081b00000| Complete 
|  28|0x0000000081c00000, 0x0000000081d00000, 0x0000000081d00000|100%|HC|  |TAMS 0x0000000081c00000| PB 0x0000000081c00000| Complete 
|  29|0x0000000081d00000, 0x0000000081e00000, 0x0000000081e00000|100%|HC|  |TAMS 0x0000000081d00000| PB 0x0000000081d00000| Complete 
|  30|0x0000000081e00000, 0x0000000081f00000, 0x0000000081f00000|100%|HS|  |TAMS 0x0000000081e00000| PB 0x0000000081e00000| Complete 
|  31|0x0000000081f00000, 0x0000000082000000, 0x0000000082000000|100%| O|  |TAMS 0x0000000081f00000| PB 0x0000000081f00000| Untracked 
|  32|0x0000000082000000, 0x0000000082100000, 0x0000000082100000|100%| O|  |TAMS 0x0000000082000000| PB 0x0000000082000000| Untracked 
|  33|0x0000000082100000, 0x0000000082200000, 0x0000000082200000|100%| O|  |TAMS 0x0000000082100000| PB 0x0000000082100000| Untracked 
|  34|0x0000000082200000, 0x0000000082300000, 0x0000000082300000|100%|HS|  |TAMS 0x0000000082200000| PB 0x0000000082200000| Complete 
|  35|0x0000000082300000, 0x0000000082400000, 0x0000000082400000|100%|HS|  |TAMS 0x0000000082300000| PB 0x0000000082300000| Complete 
|  36|0x0000000082400000, 0x0000000082500000, 0x0000000082500000|100%|HC|  |TAMS 0x0000000082400000| PB 0x0000000082400000| Complete 
|  37|0x0000000082500000, 0x0000000082600000, 0x0000000082600000|100%|HC|  |TAMS 0x0000000082500000| PB 0x0000000082500000| Complete 
|  38|0x0000000082600000, 0x0000000082700000, 0x0000000082700000|100%|HC|  |TAMS 0x0000000082600000| PB 0x0000000082600000| Complete 
|  39|0x0000000082700000, 0x0000000082800000, 0x0000000082800000|100%|HC|  |TAMS 0x0000000082700000| PB 0x0000000082700000| Complete 
|  40|0x0000000082800000, 0x0000000082900000, 0x0000000082900000|100%|HC|  |TAMS 0x0000000082800000| PB 0x0000000082800000| Complete 
|  41|0x0000000082900000, 0x0000000082a00000, 0x0000000082a00000|100%|HS|  |TAMS 0x0000000082900000| PB 0x0000000082900000| Complete 
|  42|0x0000000082a00000, 0x0000000082b00000, 0x0000000082b00000|100%|HS|  |TAMS 0x0000000082a00000| PB 0x0000000082a00000| Complete 
|  43|0x0000000082b00000, 0x0000000082c00000, 0x0000000082c00000|100%| O|  |TAMS 0x0000000082b00000| PB 0x0000000082b00000| Untracked 
|  44|0x0000000082c00000, 0x0000000082d00000, 0x0000000082d00000|100%| O|  |TAMS 0x0000000082c00000| PB 0x0000000082c00000| Untracked 
|  45|0x0000000082d00000, 0x0000000082e00000, 0x0000000082e00000|100%| O|  |TAMS 0x0000000082d00000| PB 0x0000000082d00000| Untracked 
|  46|0x0000000082e00000, 0x0000000082f00000, 0x0000000082f00000|100%| O|  |TAMS 0x0000000082e00000| PB 0x0000000082e00000| Untracked 
|  47|0x0000000082f00000, 0x0000000083000000, 0x0000000083000000|100%| O|  |TAMS 0x0000000082f00000| PB 0x0000000082f00000| Untracked 
|  48|0x0000000083000000, 0x0000000083100000, 0x0000000083100000|100%| O|  |TAMS 0x0000000083000000| PB 0x0000000083000000| Untracked 
|  49|0x0000000083100000, 0x0000000083200000, 0x0000000083200000|100%| O|  |TAMS 0x0000000083100000| PB 0x0000000083100000| Untracked 
|  50|0x0000000083200000, 0x0000000083300000, 0x0000000083300000|100%| O|  |TAMS 0x0000000083200000| PB 0x0000000083200000| Untracked 
|  51|0x0000000083300000, 0x0000000083400000, 0x0000000083400000|100%| O|  |TAMS 0x0000000083300000| PB 0x0000000083300000| Untracked 
|  52|0x0000000083400000, 0x0000000083500000, 0x0000000083500000|100%| O|  |TAMS 0x0000000083400000| PB 0x0000000083400000| Untracked 
|  53|0x0000000083500000, 0x0000000083600000, 0x0000000083600000|100%| O|  |TAMS 0x0000000083500000| PB 0x0000000083500000| Untracked 
|  54|0x0000000083600000, 0x0000000083700000, 0x0000000083700000|100%| O|  |TAMS 0x0000000083600000| PB 0x0000000083600000| Untracked 
|  55|0x0000000083700000, 0x0000000083800000, 0x0000000083800000|100%| O|  |TAMS 0x0000000083700000| PB 0x0000000083700000| Untracked 
|  56|0x0000000083800000, 0x0000000083900000, 0x0000000083900000|100%| O|  |TAMS 0x0000000083800000| PB 0x0000000083800000| Untracked 
|  57|0x0000000083900000, 0x0000000083900000, 0x0000000083a00000|  0%| F|  |TAMS 0x0000000083900000| PB 0x0000000083900000| Untracked 
|  58|0x0000000083a00000, 0x0000000083b00000, 0x0000000083b00000|100%| O|  |TAMS 0x0000000083a00000| PB 0x0000000083a00000| Untracked 
|  59|0x0000000083b00000, 0x0000000083c00000, 0x0000000083c00000|100%| O|  |TAMS 0x0000000083b00000| PB 0x0000000083b00000| Untracked 
|  60|0x0000000083c00000, 0x0000000083d00000, 0x0000000083d00000|100%| O|  |TAMS 0x0000000083c00000| PB 0x0000000083c00000| Untracked 
|  61|0x0000000083d00000, 0x0000000083e00000, 0x0000000083e00000|100%|HS|  |TAMS 0x0000000083d00000| PB 0x0000000083d00000| Complete 
|  62|0x0000000083e00000, 0x0000000083f00000, 0x0000000083f00000|100%| O|  |TAMS 0x0000000083e00000| PB 0x0000000083e00000| Untracked 
|  63|0x0000000083f00000, 0x0000000084000000, 0x0000000084000000|100%| O|  |TAMS 0x0000000083f00000| PB 0x0000000083f00000| Untracked 
|  64|0x0000000084000000, 0x0000000084100000, 0x0000000084100000|100%| O|  |TAMS 0x0000000084000000| PB 0x0000000084000000| Untracked 
|  65|0x0000000084100000, 0x0000000084100000, 0x0000000084200000|  0%| F|  |TAMS 0x0000000084100000| PB 0x0000000084100000| Untracked 
|  66|0x0000000084200000, 0x0000000084300000, 0x0000000084300000|100%| O|  |TAMS 0x0000000084200000| PB 0x0000000084200000| Untracked 
|  67|0x0000000084300000, 0x0000000084400000, 0x0000000084400000|100%| O|  |TAMS 0x0000000084300000| PB 0x0000000084300000| Untracked 
|  68|0x0000000084400000, 0x0000000084500000, 0x0000000084500000|100%| O|  |TAMS 0x0000000084400000| PB 0x0000000084400000| Untracked 
|  69|0x0000000084500000, 0x0000000084500000, 0x0000000084600000|  0%| F|  |TAMS 0x0000000084500000| PB 0x0000000084500000| Untracked 
|  70|0x0000000084600000, 0x0000000084700000, 0x0000000084700000|100%| O|  |TAMS 0x0000000084600000| PB 0x0000000084600000| Untracked 
|  71|0x0000000084700000, 0x0000000084700000, 0x0000000084800000|  0%| F|  |TAMS 0x0000000084700000| PB 0x0000000084700000| Untracked 
|  72|0x0000000084800000, 0x0000000084900000, 0x0000000084900000|100%| O|  |TAMS 0x0000000084800000| PB 0x0000000084800000| Untracked 
|  73|0x0000000084900000, 0x0000000084a00000, 0x0000000084a00000|100%|HS|  |TAMS 0x0000000084900000| PB 0x0000000084900000| Complete 
|  74|0x0000000084a00000, 0x0000000084b00000, 0x0000000084b00000|100%| O|  |TAMS 0x0000000084a00000| PB 0x0000000084a00000| Untracked 
|  75|0x0000000084b00000, 0x0000000084c00000, 0x0000000084c00000|100%| O|  |TAMS 0x0000000084b00000| PB 0x0000000084b00000| Untracked 
|  76|0x0000000084c00000, 0x0000000084d00000, 0x0000000084d00000|100%| O|  |TAMS 0x0000000084c00000| PB 0x0000000084c00000| Untracked 
|  77|0x0000000084d00000, 0x0000000084e00000, 0x0000000084e00000|100%| O|  |TAMS 0x0000000084d00000| PB 0x0000000084d00000| Untracked 
|  78|0x0000000084e00000, 0x0000000084f00000, 0x0000000084f00000|100%| O|  |TAMS 0x0000000084e00000| PB 0x0000000084e00000| Untracked 
|  79|0x0000000084f00000, 0x0000000084f00000, 0x0000000085000000|  0%| F|  |TAMS 0x0000000084f00000| PB 0x0000000084f00000| Untracked 
|  80|0x0000000085000000, 0x0000000085000000, 0x0000000085100000|  0%| F|  |TAMS 0x0000000085000000| PB 0x0000000085000000| Untracked 
|  81|0x0000000085100000, 0x0000000085100000, 0x0000000085200000|  0%| F|  |TAMS 0x0000000085100000| PB 0x0000000085100000| Untracked 
|  82|0x0000000085200000, 0x0000000085300000, 0x0000000085300000|100%| O|  |TAMS 0x0000000085200000| PB 0x0000000085200000| Untracked 
|  83|0x0000000085300000, 0x0000000085300000, 0x0000000085400000|  0%| F|  |TAMS 0x0000000085300000| PB 0x0000000085300000| Untracked 
|  84|0x0000000085400000, 0x0000000085500000, 0x0000000085500000|100%| O|  |TAMS 0x0000000085400000| PB 0x0000000085400000| Untracked 
|  85|0x0000000085500000, 0x0000000085600000, 0x0000000085600000|100%| O|  |TAMS 0x0000000085500000| PB 0x0000000085500000| Untracked 
|  86|0x0000000085600000, 0x0000000085600000, 0x0000000085700000|  0%| F|  |TAMS 0x0000000085600000| PB 0x0000000085600000| Untracked 
|  87|0x0000000085700000, 0x0000000085800000, 0x0000000085800000|100%| O|  |TAMS 0x0000000085700000| PB 0x0000000085700000| Untracked 
|  88|0x0000000085800000, 0x0000000085900000, 0x0000000085900000|100%| O|  |TAMS 0x0000000085800000| PB 0x0000000085800000| Untracked 
|  89|0x0000000085900000, 0x0000000085a00000, 0x0000000085a00000|100%| O|  |TAMS 0x0000000085900000| PB 0x0000000085900000| Untracked 
|  90|0x0000000085a00000, 0x0000000085a00000, 0x0000000085b00000|  0%| F|  |TAMS 0x0000000085a00000| PB 0x0000000085a00000| Untracked 
|  91|0x0000000085b00000, 0x0000000085c00000, 0x0000000085c00000|100%| O|  |TAMS 0x0000000085b00000| PB 0x0000000085b00000| Untracked 
|  92|0x0000000085c00000, 0x0000000085d00000, 0x0000000085d00000|100%| O|  |TAMS 0x0000000085c00000| PB 0x0000000085c00000| Untracked 
|  93|0x0000000085d00000, 0x0000000085e00000, 0x0000000085e00000|100%| O|  |TAMS 0x0000000085d00000| PB 0x0000000085d00000| Untracked 
|  94|0x0000000085e00000, 0x0000000085f00000, 0x0000000085f00000|100%| O|  |TAMS 0x0000000085e00000| PB 0x0000000085e00000| Untracked 
|  95|0x0000000085f00000, 0x0000000086000000, 0x0000000086000000|100%|HS|  |TAMS 0x0000000085f00000| PB 0x0000000085f00000| Complete 
|  96|0x0000000086000000, 0x0000000086100000, 0x0000000086100000|100%|HC|  |TAMS 0x0000000086000000| PB 0x0000000086000000| Complete 
|  97|0x0000000086100000, 0x0000000086200000, 0x0000000086200000|100%|HC|  |TAMS 0x0000000086100000| PB 0x0000000086100000| Complete 
|  98|0x0000000086200000, 0x0000000086300000, 0x0000000086300000|100%|HC|  |TAMS 0x0000000086200000| PB 0x0000000086200000| Complete 
|  99|0x0000000086300000, 0x0000000086400000, 0x0000000086400000|100%| O|  |TAMS 0x0000000086300000| PB 0x0000000086300000| Untracked 
| 100|0x0000000086400000, 0x0000000086500000, 0x0000000086500000|100%| O|  |TAMS 0x0000000086400000| PB 0x0000000086400000| Untracked 
| 101|0x0000000086500000, 0x0000000086600000, 0x0000000086600000|100%| O|  |TAMS 0x0000000086500000| PB 0x0000000086500000| Untracked 
| 102|0x0000000086600000, 0x0000000086700000, 0x0000000086700000|100%| O|  |TAMS 0x0000000086600000| PB 0x0000000086600000| Untracked 
| 103|0x0000000086700000, 0x0000000086800000, 0x0000000086800000|100%| O|  |TAMS 0x0000000086700000| PB 0x0000000086700000| Untracked 
| 104|0x0000000086800000, 0x0000000086900000, 0x0000000086900000|100%|HS|  |TAMS 0x0000000086800000| PB 0x0000000086800000| Complete 
| 105|0x0000000086900000, 0x0000000086a00000, 0x0000000086a00000|100%| O|  |TAMS 0x0000000086900000| PB 0x0000000086900000| Untracked 
| 106|0x0000000086a00000, 0x0000000086b00000, 0x0000000086b00000|100%| O|  |TAMS 0x0000000086a00000| PB 0x0000000086a00000| Untracked 
| 107|0x0000000086b00000, 0x0000000086c00000, 0x0000000086c00000|100%| O|  |TAMS 0x0000000086b00000| PB 0x0000000086b00000| Untracked 
| 108|0x0000000086c00000, 0x0000000086d00000, 0x0000000086d00000|100%| O|  |TAMS 0x0000000086c00000| PB 0x0000000086c00000| Untracked 
| 109|0x0000000086d00000, 0x0000000086e00000, 0x0000000086e00000|100%| O|  |TAMS 0x0000000086d00000| PB 0x0000000086d00000| Untracked 
| 110|0x0000000086e00000, 0x0000000086f00000, 0x0000000086f00000|100%|HS|  |TAMS 0x0000000086e00000| PB 0x0000000086e00000| Complete 
| 111|0x0000000086f00000, 0x0000000087000000, 0x0000000087000000|100%|HS|  |TAMS 0x0000000086f00000| PB 0x0000000086f00000| Complete 
| 112|0x0000000087000000, 0x0000000087100000, 0x0000000087100000|100%|HC|  |TAMS 0x0000000087000000| PB 0x0000000087000000| Complete 
| 113|0x0000000087100000, 0x0000000087200000, 0x0000000087200000|100%| O|  |TAMS 0x0000000087100000| PB 0x0000000087100000| Untracked 
| 114|0x0000000087200000, 0x0000000087300000, 0x0000000087300000|100%|HS|  |TAMS 0x0000000087200000| PB 0x0000000087200000| Complete 
| 115|0x0000000087300000, 0x0000000087400000, 0x0000000087400000|100%|HC|  |TAMS 0x0000000087300000| PB 0x0000000087300000| Complete 
| 116|0x0000000087400000, 0x0000000087500000, 0x0000000087500000|100%| O|  |TAMS 0x0000000087400000| PB 0x0000000087400000| Untracked 
| 117|0x0000000087500000, 0x0000000087600000, 0x0000000087600000|100%| O|  |TAMS 0x0000000087500000| PB 0x0000000087500000| Untracked 
| 118|0x0000000087600000, 0x0000000087700000, 0x0000000087700000|100%| O|  |TAMS 0x0000000087600000| PB 0x0000000087600000| Untracked 
| 119|0x0000000087700000, 0x0000000087800000, 0x0000000087800000|100%| O|  |TAMS 0x0000000087700000| PB 0x0000000087700000| Untracked 
| 120|0x0000000087800000, 0x0000000087900000, 0x0000000087900000|100%|HS|  |TAMS 0x0000000087800000| PB 0x0000000087800000| Complete 
| 121|0x0000000087900000, 0x0000000087a00000, 0x0000000087a00000|100%|HC|  |TAMS 0x0000000087900000| PB 0x0000000087900000| Complete 
| 122|0x0000000087a00000, 0x0000000087b00000, 0x0000000087b00000|100%|HC|  |TAMS 0x0000000087a00000| PB 0x0000000087a00000| Complete 
| 123|0x0000000087b00000, 0x0000000087c00000, 0x0000000087c00000|100%|HC|  |TAMS 0x0000000087b00000| PB 0x0000000087b00000| Complete 
| 124|0x0000000087c00000, 0x0000000087d00000, 0x0000000087d00000|100%| O|  |TAMS 0x0000000087c00000| PB 0x0000000087c00000| Untracked 
| 125|0x0000000087d00000, 0x0000000087e00000, 0x0000000087e00000|100%| O|  |TAMS 0x0000000087d00000| PB 0x0000000087d00000| Untracked 
| 126|0x0000000087e00000, 0x0000000087f00000, 0x0000000087f00000|100%| O|  |TAMS 0x0000000087e00000| PB 0x0000000087e00000| Untracked 
| 127|0x0000000087f00000, 0x0000000088000000, 0x0000000088000000|100%| O|  |TAMS 0x0000000087f00000| PB 0x0000000087f00000| Untracked 
| 128|0x0000000088000000, 0x0000000088100000, 0x0000000088100000|100%| O|  |TAMS 0x0000000088000000| PB 0x0000000088000000| Untracked 
| 129|0x0000000088100000, 0x0000000088100000, 0x0000000088200000|  0%| F|  |TAMS 0x0000000088100000| PB 0x0000000088100000| Untracked 
| 130|0x0000000088200000, 0x0000000088300000, 0x0000000088300000|100%| O|  |TAMS 0x0000000088200000| PB 0x0000000088200000| Untracked 
| 131|0x0000000088300000, 0x0000000088400000, 0x0000000088400000|100%| O|  |TAMS 0x0000000088300000| PB 0x0000000088300000| Untracked 
| 132|0x0000000088400000, 0x0000000088500000, 0x0000000088500000|100%| O|  |TAMS 0x0000000088400000| PB 0x0000000088400000| Untracked 
| 133|0x0000000088500000, 0x0000000088600000, 0x0000000088600000|100%| O|  |TAMS 0x0000000088500000| PB 0x0000000088500000| Untracked 
| 134|0x0000000088600000, 0x0000000088700000, 0x0000000088700000|100%| O|  |TAMS 0x0000000088600000| PB 0x0000000088600000| Untracked 
| 135|0x0000000088700000, 0x0000000088800000, 0x0000000088800000|100%| O|  |TAMS 0x0000000088700000| PB 0x0000000088700000| Untracked 
| 136|0x0000000088800000, 0x0000000088900000, 0x0000000088900000|100%| O|  |TAMS 0x0000000088800000| PB 0x0000000088800000| Untracked 
| 137|0x0000000088900000, 0x0000000088a00000, 0x0000000088a00000|100%| O|  |TAMS 0x0000000088900000| PB 0x0000000088900000| Untracked 
| 138|0x0000000088a00000, 0x0000000088a00000, 0x0000000088b00000|  0%| F|  |TAMS 0x0000000088a00000| PB 0x0000000088a00000| Untracked 
| 139|0x0000000088b00000, 0x0000000088c00000, 0x0000000088c00000|100%| O|  |TAMS 0x0000000088b00000| PB 0x0000000088b00000| Untracked 
| 140|0x0000000088c00000, 0x0000000088d00000, 0x0000000088d00000|100%| O|  |TAMS 0x0000000088c00000| PB 0x0000000088c00000| Untracked 
| 141|0x0000000088d00000, 0x0000000088e00000, 0x0000000088e00000|100%| O|  |TAMS 0x0000000088d00000| PB 0x0000000088d00000| Untracked 
| 142|0x0000000088e00000, 0x0000000088f00000, 0x0000000088f00000|100%| O|  |TAMS 0x0000000088e00000| PB 0x0000000088e00000| Untracked 
| 143|0x0000000088f00000, 0x0000000089000000, 0x0000000089000000|100%| O|  |TAMS 0x0000000088f00000| PB 0x0000000088f00000| Untracked 
| 144|0x0000000089000000, 0x0000000089100000, 0x0000000089100000|100%| O|  |TAMS 0x0000000089000000| PB 0x0000000089000000| Untracked 
| 145|0x0000000089100000, 0x0000000089200000, 0x0000000089200000|100%| O|  |TAMS 0x0000000089100000| PB 0x0000000089100000| Untracked 
| 146|0x0000000089200000, 0x0000000089300000, 0x0000000089300000|100%| O|  |TAMS 0x0000000089200000| PB 0x0000000089200000| Untracked 
| 147|0x0000000089300000, 0x0000000089400000, 0x0000000089400000|100%| O|  |TAMS 0x0000000089300000| PB 0x0000000089300000| Untracked 
| 148|0x0000000089400000, 0x0000000089500000, 0x0000000089500000|100%| O|  |TAMS 0x0000000089400000| PB 0x0000000089400000| Untracked 
| 149|0x0000000089500000, 0x0000000089600000, 0x0000000089600000|100%| O|  |TAMS 0x0000000089500000| PB 0x0000000089500000| Untracked 
| 150|0x0000000089600000, 0x0000000089700000, 0x0000000089700000|100%|HS|  |TAMS 0x0000000089600000| PB 0x0000000089600000| Complete 
| 151|0x0000000089700000, 0x0000000089800000, 0x0000000089800000|100%|HS|  |TAMS 0x0000000089700000| PB 0x0000000089700000| Complete 
| 152|0x0000000089800000, 0x0000000089900000, 0x0000000089900000|100%|HS|  |TAMS 0x0000000089800000| PB 0x0000000089800000| Complete 
| 153|0x0000000089900000, 0x0000000089a00000, 0x0000000089a00000|100%|HC|  |TAMS 0x0000000089900000| PB 0x0000000089900000| Complete 
| 154|0x0000000089a00000, 0x0000000089b00000, 0x0000000089b00000|100%|HS|  |TAMS 0x0000000089a00000| PB 0x0000000089a00000| Complete 
| 155|0x0000000089b00000, 0x0000000089c00000, 0x0000000089c00000|100%|HC|  |TAMS 0x0000000089b00000| PB 0x0000000089b00000| Complete 
| 156|0x0000000089c00000, 0x0000000089d00000, 0x0000000089d00000|100%|HS|  |TAMS 0x0000000089c00000| PB 0x0000000089c00000| Complete 
| 157|0x0000000089d00000, 0x0000000089e00000, 0x0000000089e00000|100%|HS|  |TAMS 0x0000000089d00000| PB 0x0000000089d00000| Complete 
| 158|0x0000000089e00000, 0x0000000089f00000, 0x0000000089f00000|100%|HC|  |TAMS 0x0000000089e00000| PB 0x0000000089e00000| Complete 
| 159|0x0000000089f00000, 0x000000008a000000, 0x000000008a000000|100%|HC|  |TAMS 0x0000000089f00000| PB 0x0000000089f00000| Complete 
| 160|0x000000008a000000, 0x000000008a100000, 0x000000008a100000|100%|HC|  |TAMS 0x000000008a000000| PB 0x000000008a000000| Complete 
| 161|0x000000008a100000, 0x000000008a200000, 0x000000008a200000|100%|HS|  |TAMS 0x000000008a100000| PB 0x000000008a100000| Complete 
| 162|0x000000008a200000, 0x000000008a200000, 0x000000008a300000|  0%| F|  |TAMS 0x000000008a200000| PB 0x000000008a200000| Untracked 
| 163|0x000000008a300000, 0x000000008a400000, 0x000000008a400000|100%| O|  |TAMS 0x000000008a300000| PB 0x000000008a300000| Untracked 
| 164|0x000000008a400000, 0x000000008a500000, 0x000000008a500000|100%| O|  |TAMS 0x000000008a400000| PB 0x000000008a400000| Untracked 
| 165|0x000000008a500000, 0x000000008a600000, 0x000000008a600000|100%| O|  |TAMS 0x000000008a500000| PB 0x000000008a500000| Untracked 
| 166|0x000000008a600000, 0x000000008a700000, 0x000000008a700000|100%| O|  |TAMS 0x000000008a600000| PB 0x000000008a600000| Untracked 
| 167|0x000000008a700000, 0x000000008a800000, 0x000000008a800000|100%| O|  |TAMS 0x000000008a700000| PB 0x000000008a700000| Untracked 
| 168|0x000000008a800000, 0x000000008a900000, 0x000000008a900000|100%| O|  |TAMS 0x000000008a800000| PB 0x000000008a800000| Untracked 
| 169|0x000000008a900000, 0x000000008aa00000, 0x000000008aa00000|100%| O|  |TAMS 0x000000008a900000| PB 0x000000008a900000| Untracked 
| 170|0x000000008aa00000, 0x000000008ab00000, 0x000000008ab00000|100%| O|  |TAMS 0x000000008aa00000| PB 0x000000008aa00000| Untracked 
| 171|0x000000008ab00000, 0x000000008ac00000, 0x000000008ac00000|100%| O|  |TAMS 0x000000008ab00000| PB 0x000000008ab00000| Untracked 
| 172|0x000000008ac00000, 0x000000008ad00000, 0x000000008ad00000|100%| O|  |TAMS 0x000000008ac00000| PB 0x000000008ac00000| Untracked 
| 173|0x000000008ad00000, 0x000000008ad00000, 0x000000008ae00000|  0%| F|  |TAMS 0x000000008ad00000| PB 0x000000008ad00000| Untracked 
| 174|0x000000008ae00000, 0x000000008ae00000, 0x000000008af00000|  0%| F|  |TAMS 0x000000008ae00000| PB 0x000000008ae00000| Untracked 
| 175|0x000000008af00000, 0x000000008af00000, 0x000000008b000000|  0%| F|  |TAMS 0x000000008af00000| PB 0x000000008af00000| Untracked 
| 176|0x000000008b000000, 0x000000008b000000, 0x000000008b100000|  0%| F|  |TAMS 0x000000008b000000| PB 0x000000008b000000| Untracked 
| 177|0x000000008b100000, 0x000000008b100000, 0x000000008b200000|  0%| F|  |TAMS 0x000000008b100000| PB 0x000000008b100000| Untracked 
| 178|0x000000008b200000, 0x000000008b300000, 0x000000008b300000|100%| O|  |TAMS 0x000000008b200000| PB 0x000000008b200000| Untracked 
| 179|0x000000008b300000, 0x000000008b400000, 0x000000008b400000|100%| O|  |TAMS 0x000000008b300000| PB 0x000000008b300000| Untracked 
| 180|0x000000008b400000, 0x000000008b500000, 0x000000008b500000|100%| O|  |TAMS 0x000000008b400000| PB 0x000000008b400000| Untracked 
| 181|0x000000008b500000, 0x000000008b600000, 0x000000008b600000|100%| O|  |TAMS 0x000000008b500000| PB 0x000000008b500000| Untracked 
| 182|0x000000008b600000, 0x000000008b700000, 0x000000008b700000|100%| O|  |TAMS 0x000000008b600000| PB 0x000000008b600000| Untracked 
| 183|0x000000008b700000, 0x000000008b800000, 0x000000008b800000|100%| O|  |TAMS 0x000000008b700000| PB 0x000000008b700000| Untracked 
| 184|0x000000008b800000, 0x000000008b800000, 0x000000008b900000|  0%| F|  |TAMS 0x000000008b800000| PB 0x000000008b800000| Untracked 
| 185|0x000000008b900000, 0x000000008b900000, 0x000000008ba00000|  0%| F|  |TAMS 0x000000008b900000| PB 0x000000008b900000| Untracked 
| 186|0x000000008ba00000, 0x000000008ba00000, 0x000000008bb00000|  0%| F|  |TAMS 0x000000008ba00000| PB 0x000000008ba00000| Untracked 
| 187|0x000000008bb00000, 0x000000008bb00000, 0x000000008bc00000|  0%| F|  |TAMS 0x000000008bb00000| PB 0x000000008bb00000| Untracked 
| 188|0x000000008bc00000, 0x000000008bd00000, 0x000000008bd00000|100%|HS|  |TAMS 0x000000008bc00000| PB 0x000000008bc00000| Complete 
| 189|0x000000008bd00000, 0x000000008be00000, 0x000000008be00000|100%|HC|  |TAMS 0x000000008bd00000| PB 0x000000008bd00000| Complete 
| 190|0x000000008be00000, 0x000000008bf00000, 0x000000008bf00000|100%| O|  |TAMS 0x000000008be00000| PB 0x000000008be00000| Untracked 
| 191|0x000000008bf00000, 0x000000008c000000, 0x000000008c000000|100%| O|  |TAMS 0x000000008bf00000| PB 0x000000008bf00000| Untracked 
| 192|0x000000008c000000, 0x000000008c100000, 0x000000008c100000|100%| O|  |TAMS 0x000000008c000000| PB 0x000000008c000000| Untracked 
| 193|0x000000008c100000, 0x000000008c200000, 0x000000008c200000|100%| O|  |TAMS 0x000000008c100000| PB 0x000000008c100000| Untracked 
| 194|0x000000008c200000, 0x000000008c300000, 0x000000008c300000|100%| O|  |TAMS 0x000000008c200000| PB 0x000000008c200000| Untracked 
| 195|0x000000008c300000, 0x000000008c300000, 0x000000008c400000|  0%| F|  |TAMS 0x000000008c300000| PB 0x000000008c300000| Untracked 
| 196|0x000000008c400000, 0x000000008c400000, 0x000000008c500000|  0%| F|  |TAMS 0x000000008c400000| PB 0x000000008c400000| Untracked 
| 197|0x000000008c500000, 0x000000008c600000, 0x000000008c600000|100%| O|  |TAMS 0x000000008c500000| PB 0x000000008c500000| Untracked 
| 198|0x000000008c600000, 0x000000008c700000, 0x000000008c700000|100%| O|  |TAMS 0x000000008c600000| PB 0x000000008c600000| Untracked 
| 199|0x000000008c700000, 0x000000008c800000, 0x000000008c800000|100%| O|  |TAMS 0x000000008c700000| PB 0x000000008c700000| Untracked 
| 200|0x000000008c800000, 0x000000008c900000, 0x000000008c900000|100%| O|  |TAMS 0x000000008c800000| PB 0x000000008c800000| Untracked 
| 201|0x000000008c900000, 0x000000008ca00000, 0x000000008ca00000|100%| O|  |TAMS 0x000000008c900000| PB 0x000000008c900000| Untracked 
| 202|0x000000008ca00000, 0x000000008cb00000, 0x000000008cb00000|100%| O|  |TAMS 0x000000008ca00000| PB 0x000000008ca00000| Untracked 
| 203|0x000000008cb00000, 0x000000008cc00000, 0x000000008cc00000|100%| O|  |TAMS 0x000000008cb00000| PB 0x000000008cb00000| Untracked 
| 204|0x000000008cc00000, 0x000000008cd00000, 0x000000008cd00000|100%| O|  |TAMS 0x000000008cc00000| PB 0x000000008cc00000| Untracked 
| 205|0x000000008cd00000, 0x000000008ce00000, 0x000000008ce00000|100%| O|  |TAMS 0x000000008cd00000| PB 0x000000008cd00000| Untracked 
| 206|0x000000008ce00000, 0x000000008cf00000, 0x000000008cf00000|100%| O|  |TAMS 0x000000008ce00000| PB 0x000000008ce00000| Untracked 
| 207|0x000000008cf00000, 0x000000008d000000, 0x000000008d000000|100%| O|  |TAMS 0x000000008cf00000| PB 0x000000008cf00000| Untracked 
| 208|0x000000008d000000, 0x000000008d0b8920, 0x000000008d100000| 72%| O|  |TAMS 0x000000008d000000| PB 0x000000008d000000| Untracked 
| 209|0x000000008d100000, 0x000000008d100000, 0x000000008d200000|  0%| F|  |TAMS 0x000000008d100000| PB 0x000000008d100000| Untracked 
| 210|0x000000008d200000, 0x000000008d300000, 0x000000008d300000|100%| O|  |TAMS 0x000000008d200000| PB 0x000000008d200000| Untracked 
| 211|0x000000008d300000, 0x000000008d400000, 0x000000008d400000|100%| O|  |TAMS 0x000000008d300000| PB 0x000000008d300000| Untracked 
| 212|0x000000008d400000, 0x000000008d500000, 0x000000008d500000|100%| O|  |TAMS 0x000000008d400000| PB 0x000000008d400000| Untracked 
| 213|0x000000008d500000, 0x000000008d600000, 0x000000008d600000|100%| O|  |TAMS 0x000000008d500000| PB 0x000000008d500000| Untracked 
| 214|0x000000008d600000, 0x000000008d700000, 0x000000008d700000|100%| O|  |TAMS 0x000000008d600000| PB 0x000000008d600000| Untracked 
| 215|0x000000008d700000, 0x000000008d800000, 0x000000008d800000|100%| O|  |TAMS 0x000000008d700000| PB 0x000000008d700000| Untracked 
| 216|0x000000008d800000, 0x000000008d900000, 0x000000008d900000|100%| O|  |TAMS 0x000000008d800000| PB 0x000000008d800000| Untracked 
| 217|0x000000008d900000, 0x000000008d900000, 0x000000008da00000|  0%| F|  |TAMS 0x000000008d900000| PB 0x000000008d900000| Untracked 
| 218|0x000000008da00000, 0x000000008db00000, 0x000000008db00000|100%| O|  |TAMS 0x000000008da00000| PB 0x000000008da00000| Untracked 
| 219|0x000000008db00000, 0x000000008dc00000, 0x000000008dc00000|100%| O|  |TAMS 0x000000008db00000| PB 0x000000008db00000| Untracked 
| 220|0x000000008dc00000, 0x000000008dc00000, 0x000000008dd00000|  0%| F|  |TAMS 0x000000008dc00000| PB 0x000000008dc00000| Untracked 
| 221|0x000000008dd00000, 0x000000008de00000, 0x000000008de00000|100%| O|  |TAMS 0x000000008dd00000| PB 0x000000008dd00000| Untracked 
| 222|0x000000008de00000, 0x000000008df00000, 0x000000008df00000|100%| O|  |TAMS 0x000000008de00000| PB 0x000000008de00000| Untracked 
| 223|0x000000008df00000, 0x000000008e000000, 0x000000008e000000|100%| O|  |TAMS 0x000000008df00000| PB 0x000000008df00000| Untracked 
| 224|0x000000008e000000, 0x000000008e100000, 0x000000008e100000|100%| O|  |TAMS 0x000000008e000000| PB 0x000000008e000000| Untracked 
| 225|0x000000008e100000, 0x000000008e200000, 0x000000008e200000|100%| O|  |TAMS 0x000000008e100000| PB 0x000000008e100000| Untracked 
| 226|0x000000008e200000, 0x000000008e300000, 0x000000008e300000|100%| O|  |TAMS 0x000000008e200000| PB 0x000000008e200000| Untracked 
| 227|0x000000008e300000, 0x000000008e400000, 0x000000008e400000|100%| O|  |TAMS 0x000000008e300000| PB 0x000000008e300000| Untracked 
| 228|0x000000008e400000, 0x000000008e400000, 0x000000008e500000|  0%| F|  |TAMS 0x000000008e400000| PB 0x000000008e400000| Untracked 
| 229|0x000000008e500000, 0x000000008e500000, 0x000000008e600000|  0%| F|  |TAMS 0x000000008e500000| PB 0x000000008e500000| Untracked 
| 230|0x000000008e600000, 0x000000008e600000, 0x000000008e700000|  0%| F|  |TAMS 0x000000008e600000| PB 0x000000008e600000| Untracked 
| 231|0x000000008e700000, 0x000000008e700000, 0x000000008e800000|  0%| F|  |TAMS 0x000000008e700000| PB 0x000000008e700000| Untracked 
| 232|0x000000008e800000, 0x000000008e800000, 0x000000008e900000|  0%| F|  |TAMS 0x000000008e800000| PB 0x000000008e800000| Untracked 
| 233|0x000000008e900000, 0x000000008e900000, 0x000000008ea00000|  0%| F|  |TAMS 0x000000008e900000| PB 0x000000008e900000| Untracked 
| 234|0x000000008ea00000, 0x000000008eb00000, 0x000000008eb00000|100%| O|  |TAMS 0x000000008ea00000| PB 0x000000008ea00000| Untracked 
| 235|0x000000008eb00000, 0x000000008ec00000, 0x000000008ec00000|100%| O|  |TAMS 0x000000008eb00000| PB 0x000000008eb00000| Untracked 
| 236|0x000000008ec00000, 0x000000008ec00000, 0x000000008ed00000|  0%| F|  |TAMS 0x000000008ec00000| PB 0x000000008ec00000| Untracked 
| 237|0x000000008ed00000, 0x000000008ee00000, 0x000000008ee00000|100%| O|  |TAMS 0x000000008ed00000| PB 0x000000008ed00000| Untracked 
| 238|0x000000008ee00000, 0x000000008ef00000, 0x000000008ef00000|100%| O|  |TAMS 0x000000008ee00000| PB 0x000000008ee00000| Untracked 
| 239|0x000000008ef00000, 0x000000008f000000, 0x000000008f000000|100%| O|  |TAMS 0x000000008ef00000| PB 0x000000008ef00000| Untracked 
| 240|0x000000008f000000, 0x000000008f000000, 0x000000008f100000|  0%| F|  |TAMS 0x000000008f000000| PB 0x000000008f000000| Untracked 
| 241|0x000000008f100000, 0x000000008f200000, 0x000000008f200000|100%| O|  |TAMS 0x000000008f100000| PB 0x000000008f100000| Untracked 
| 242|0x000000008f200000, 0x000000008f300000, 0x000000008f300000|100%| O|  |TAMS 0x000000008f200000| PB 0x000000008f200000| Untracked 
| 243|0x000000008f300000, 0x000000008f300000, 0x000000008f400000|  0%| F|  |TAMS 0x000000008f300000| PB 0x000000008f300000| Untracked 
| 244|0x000000008f400000, 0x000000008f500000, 0x000000008f500000|100%| O|  |TAMS 0x000000008f400000| PB 0x000000008f400000| Untracked 
| 245|0x000000008f500000, 0x000000008f500000, 0x000000008f600000|  0%| F|  |TAMS 0x000000008f500000| PB 0x000000008f500000| Untracked 
| 246|0x000000008f600000, 0x000000008f700000, 0x000000008f700000|100%| O|  |TAMS 0x000000008f600000| PB 0x000000008f600000| Untracked 
| 247|0x000000008f700000, 0x000000008f800000, 0x000000008f800000|100%| O|  |TAMS 0x000000008f700000| PB 0x000000008f700000| Untracked 
| 248|0x000000008f800000, 0x000000008f900000, 0x000000008f900000|100%| O|  |TAMS 0x000000008f800000| PB 0x000000008f800000| Untracked 
| 249|0x000000008f900000, 0x000000008fa00000, 0x000000008fa00000|100%| O|  |TAMS 0x000000008f900000| PB 0x000000008f900000| Untracked 
| 250|0x000000008fa00000, 0x000000008fb00000, 0x000000008fb00000|100%| O|  |TAMS 0x000000008fa00000| PB 0x000000008fa00000| Untracked 
| 251|0x000000008fb00000, 0x000000008fc00000, 0x000000008fc00000|100%| O|  |TAMS 0x000000008fb00000| PB 0x000000008fb00000| Untracked 
| 252|0x000000008fc00000, 0x000000008fd00000, 0x000000008fd00000|100%| O|  |TAMS 0x000000008fc00000| PB 0x000000008fc00000| Untracked 
| 253|0x000000008fd00000, 0x000000008fe00000, 0x000000008fe00000|100%| O|  |TAMS 0x000000008fd00000| PB 0x000000008fd00000| Untracked 
| 254|0x000000008fe00000, 0x000000008ff00000, 0x000000008ff00000|100%| O|  |TAMS 0x000000008fe00000| PB 0x000000008fe00000| Untracked 
| 255|0x000000008ff00000, 0x0000000090000000, 0x0000000090000000|100%| O|  |TAMS 0x000000008ff00000| PB 0x000000008ff00000| Untracked 
| 256|0x0000000090000000, 0x0000000090100000, 0x0000000090100000|100%| O|  |TAMS 0x0000000090000000| PB 0x0000000090000000| Untracked 
| 257|0x0000000090100000, 0x0000000090200000, 0x0000000090200000|100%| O|  |TAMS 0x0000000090100000| PB 0x0000000090100000| Untracked 
| 258|0x0000000090200000, 0x0000000090300000, 0x0000000090300000|100%| O|  |TAMS 0x0000000090200000| PB 0x0000000090200000| Untracked 
| 259|0x0000000090300000, 0x0000000090400000, 0x0000000090400000|100%| O|  |TAMS 0x0000000090300000| PB 0x0000000090300000| Untracked 
| 260|0x0000000090400000, 0x0000000090500000, 0x0000000090500000|100%| O|  |TAMS 0x0000000090400000| PB 0x0000000090400000| Untracked 
| 261|0x0000000090500000, 0x0000000090600000, 0x0000000090600000|100%| O|  |TAMS 0x0000000090500000| PB 0x0000000090500000| Untracked 
| 262|0x0000000090600000, 0x0000000090700000, 0x0000000090700000|100%| O|  |TAMS 0x0000000090600000| PB 0x0000000090600000| Untracked 
| 263|0x0000000090700000, 0x0000000090800000, 0x0000000090800000|100%| O|  |TAMS 0x0000000090700000| PB 0x0000000090700000| Untracked 
| 264|0x0000000090800000, 0x0000000090900000, 0x0000000090900000|100%| O|  |TAMS 0x0000000090800000| PB 0x0000000090800000| Untracked 
| 265|0x0000000090900000, 0x0000000090a00000, 0x0000000090a00000|100%| O|  |TAMS 0x0000000090900000| PB 0x0000000090900000| Untracked 
| 266|0x0000000090a00000, 0x0000000090b00000, 0x0000000090b00000|100%| O|  |TAMS 0x0000000090a00000| PB 0x0000000090a00000| Untracked 
| 267|0x0000000090b00000, 0x0000000090c00000, 0x0000000090c00000|100%| O|  |TAMS 0x0000000090b00000| PB 0x0000000090b00000| Untracked 
| 268|0x0000000090c00000, 0x0000000090c00000, 0x0000000090d00000|  0%| F|  |TAMS 0x0000000090c00000| PB 0x0000000090c00000| Untracked 
| 269|0x0000000090d00000, 0x0000000090d00000, 0x0000000090e00000|  0%| F|  |TAMS 0x0000000090d00000| PB 0x0000000090d00000| Untracked 
| 270|0x0000000090e00000, 0x0000000090e00000, 0x0000000090f00000|  0%| F|  |TAMS 0x0000000090e00000| PB 0x0000000090e00000| Untracked 
| 271|0x0000000090f00000, 0x0000000090f00000, 0x0000000091000000|  0%| F|  |TAMS 0x0000000090f00000| PB 0x0000000090f00000| Untracked 
| 272|0x0000000091000000, 0x0000000091000000, 0x0000000091100000|  0%| F|  |TAMS 0x0000000091000000| PB 0x0000000091000000| Untracked 
| 273|0x0000000091100000, 0x0000000091100000, 0x0000000091200000|  0%| F|  |TAMS 0x0000000091100000| PB 0x0000000091100000| Untracked 
| 274|0x0000000091200000, 0x0000000091200000, 0x0000000091300000|  0%| F|  |TAMS 0x0000000091200000| PB 0x0000000091200000| Untracked 
| 275|0x0000000091300000, 0x0000000091300000, 0x0000000091400000|  0%| F|  |TAMS 0x0000000091300000| PB 0x0000000091300000| Untracked 
| 276|0x0000000091400000, 0x0000000091400000, 0x0000000091500000|  0%| F|  |TAMS 0x0000000091400000| PB 0x0000000091400000| Untracked 
| 277|0x0000000091500000, 0x0000000091500000, 0x0000000091600000|  0%| F|  |TAMS 0x0000000091500000| PB 0x0000000091500000| Untracked 
| 278|0x0000000091600000, 0x0000000091600000, 0x0000000091700000|  0%| F|  |TAMS 0x0000000091600000| PB 0x0000000091600000| Untracked 
| 279|0x0000000091700000, 0x0000000091700000, 0x0000000091800000|  0%| F|  |TAMS 0x0000000091700000| PB 0x0000000091700000| Untracked 
| 280|0x0000000091800000, 0x0000000091800000, 0x0000000091900000|  0%| F|  |TAMS 0x0000000091800000| PB 0x0000000091800000| Untracked 
| 281|0x0000000091900000, 0x0000000091900000, 0x0000000091a00000|  0%| F|  |TAMS 0x0000000091900000| PB 0x0000000091900000| Untracked 
| 282|0x0000000091a00000, 0x0000000091a00000, 0x0000000091b00000|  0%| F|  |TAMS 0x0000000091a00000| PB 0x0000000091a00000| Untracked 
| 283|0x0000000091b00000, 0x0000000091b00000, 0x0000000091c00000|  0%| F|  |TAMS 0x0000000091b00000| PB 0x0000000091b00000| Untracked 
| 284|0x0000000091c00000, 0x0000000091c00000, 0x0000000091d00000|  0%| F|  |TAMS 0x0000000091c00000| PB 0x0000000091c00000| Untracked 
| 285|0x0000000091d00000, 0x0000000091d00000, 0x0000000091e00000|  0%| F|  |TAMS 0x0000000091d00000| PB 0x0000000091d00000| Untracked 
| 286|0x0000000091e00000, 0x0000000091e00000, 0x0000000091f00000|  0%| F|  |TAMS 0x0000000091e00000| PB 0x0000000091e00000| Untracked 
| 287|0x0000000091f00000, 0x0000000091f00000, 0x0000000092000000|  0%| F|  |TAMS 0x0000000091f00000| PB 0x0000000091f00000| Untracked 
| 288|0x0000000092000000, 0x0000000092000000, 0x0000000092100000|  0%| F|  |TAMS 0x0000000092000000| PB 0x0000000092000000| Untracked 
| 289|0x0000000092100000, 0x0000000092133c78, 0x0000000092200000| 20%| S|CS|TAMS 0x0000000092100000| PB 0x0000000092100000| Complete 
| 290|0x0000000092200000, 0x0000000092300000, 0x0000000092300000|100%| S|CS|TAMS 0x0000000092200000| PB 0x0000000092200000| Complete 
| 291|0x0000000092300000, 0x0000000092400000, 0x0000000092400000|100%| S|CS|TAMS 0x0000000092300000| PB 0x0000000092300000| Complete 
| 292|0x0000000092400000, 0x0000000092500000, 0x0000000092500000|100%| S|CS|TAMS 0x0000000092400000| PB 0x0000000092400000| Complete 
| 293|0x0000000092500000, 0x0000000092600000, 0x0000000092600000|100%| S|CS|TAMS 0x0000000092500000| PB 0x0000000092500000| Complete 
| 294|0x0000000092600000, 0x0000000092700000, 0x0000000092700000|100%| S|CS|TAMS 0x0000000092600000| PB 0x0000000092600000| Complete 
| 295|0x0000000092700000, 0x0000000092800000, 0x0000000092800000|100%| S|CS|TAMS 0x0000000092700000| PB 0x0000000092700000| Complete 
| 296|0x0000000092800000, 0x0000000092900000, 0x0000000092900000|100%| S|CS|TAMS 0x0000000092800000| PB 0x0000000092800000| Complete 
| 297|0x0000000092900000, 0x0000000092a00000, 0x0000000092a00000|100%| S|CS|TAMS 0x0000000092900000| PB 0x0000000092900000| Complete 
| 298|0x0000000092a00000, 0x0000000092b00000, 0x0000000092b00000|100%| S|CS|TAMS 0x0000000092a00000| PB 0x0000000092a00000| Complete 
| 299|0x0000000092b00000, 0x0000000092c00000, 0x0000000092c00000|100%| S|CS|TAMS 0x0000000092b00000| PB 0x0000000092b00000| Complete 
| 300|0x0000000092c00000, 0x0000000092d00000, 0x0000000092d00000|100%| S|CS|TAMS 0x0000000092c00000| PB 0x0000000092c00000| Complete 
| 301|0x0000000092d00000, 0x0000000092e00000, 0x0000000092e00000|100%| S|CS|TAMS 0x0000000092d00000| PB 0x0000000092d00000| Complete 
| 302|0x0000000092e00000, 0x0000000092f00000, 0x0000000092f00000|100%| S|CS|TAMS 0x0000000092e00000| PB 0x0000000092e00000| Complete 
| 303|0x0000000092f00000, 0x0000000093000000, 0x0000000093000000|100%| S|CS|TAMS 0x0000000092f00000| PB 0x0000000092f00000| Complete 
| 304|0x0000000093000000, 0x0000000093100000, 0x0000000093100000|100%| S|CS|TAMS 0x0000000093000000| PB 0x0000000093000000| Complete 
| 305|0x0000000093100000, 0x0000000093200000, 0x0000000093200000|100%| S|CS|TAMS 0x0000000093100000| PB 0x0000000093100000| Complete 
| 306|0x0000000093200000, 0x0000000093300000, 0x0000000093300000|100%| S|CS|TAMS 0x0000000093200000| PB 0x0000000093200000| Complete 
| 307|0x0000000093300000, 0x0000000093400000, 0x0000000093400000|100%| S|CS|TAMS 0x0000000093300000| PB 0x0000000093300000| Complete 
| 308|0x0000000093400000, 0x0000000093500000, 0x0000000093500000|100%| S|CS|TAMS 0x0000000093400000| PB 0x0000000093400000| Complete 
| 309|0x0000000093500000, 0x0000000093600000, 0x0000000093600000|100%| S|CS|TAMS 0x0000000093500000| PB 0x0000000093500000| Complete 
| 310|0x0000000093600000, 0x0000000093600000, 0x0000000093700000|  0%| F|  |TAMS 0x0000000093600000| PB 0x0000000093600000| Untracked 
| 311|0x0000000093700000, 0x0000000093700000, 0x0000000093800000|  0%| F|  |TAMS 0x0000000093700000| PB 0x0000000093700000| Untracked 
| 312|0x0000000093800000, 0x0000000093800000, 0x0000000093900000|  0%| F|  |TAMS 0x0000000093800000| PB 0x0000000093800000| Untracked 
| 313|0x0000000093900000, 0x0000000093900000, 0x0000000093a00000|  0%| F|  |TAMS 0x0000000093900000| PB 0x0000000093900000| Untracked 
| 314|0x0000000093a00000, 0x0000000093a00000, 0x0000000093b00000|  0%| F|  |TAMS 0x0000000093a00000| PB 0x0000000093a00000| Untracked 
| 315|0x0000000093b00000, 0x0000000093b00000, 0x0000000093c00000|  0%| F|  |TAMS 0x0000000093b00000| PB 0x0000000093b00000| Untracked 
| 316|0x0000000093c00000, 0x0000000093c00000, 0x0000000093d00000|  0%| F|  |TAMS 0x0000000093c00000| PB 0x0000000093c00000| Untracked 
| 317|0x0000000093d00000, 0x0000000093d00000, 0x0000000093e00000|  0%| F|  |TAMS 0x0000000093d00000| PB 0x0000000093d00000| Untracked 
| 318|0x0000000093e00000, 0x0000000093e00000, 0x0000000093f00000|  0%| F|  |TAMS 0x0000000093e00000| PB 0x0000000093e00000| Untracked 
| 319|0x0000000093f00000, 0x0000000093f00000, 0x0000000094000000|  0%| F|  |TAMS 0x0000000093f00000| PB 0x0000000093f00000| Untracked 
| 320|0x0000000094000000, 0x0000000094000000, 0x0000000094100000|  0%| F|  |TAMS 0x0000000094000000| PB 0x0000000094000000| Untracked 
| 321|0x0000000094100000, 0x0000000094100000, 0x0000000094200000|  0%| F|  |TAMS 0x0000000094100000| PB 0x0000000094100000| Untracked 
| 322|0x0000000094200000, 0x0000000094200000, 0x0000000094300000|  0%| F|  |TAMS 0x0000000094200000| PB 0x0000000094200000| Untracked 
| 323|0x0000000094300000, 0x0000000094300000, 0x0000000094400000|  0%| F|  |TAMS 0x0000000094300000| PB 0x0000000094300000| Untracked 
| 324|0x0000000094400000, 0x0000000094400000, 0x0000000094500000|  0%| F|  |TAMS 0x0000000094400000| PB 0x0000000094400000| Untracked 
| 325|0x0000000094500000, 0x0000000094500000, 0x0000000094600000|  0%| F|  |TAMS 0x0000000094500000| PB 0x0000000094500000| Untracked 
| 326|0x0000000094600000, 0x0000000094600000, 0x0000000094700000|  0%| F|  |TAMS 0x0000000094600000| PB 0x0000000094600000| Untracked 
| 327|0x0000000094700000, 0x0000000094700000, 0x0000000094800000|  0%| F|  |TAMS 0x0000000094700000| PB 0x0000000094700000| Untracked 
| 328|0x0000000094800000, 0x0000000094800000, 0x0000000094900000|  0%| F|  |TAMS 0x0000000094800000| PB 0x0000000094800000| Untracked 
| 329|0x0000000094900000, 0x0000000094900000, 0x0000000094a00000|  0%| F|  |TAMS 0x0000000094900000| PB 0x0000000094900000| Untracked 
| 330|0x0000000094a00000, 0x0000000094a00000, 0x0000000094b00000|  0%| F|  |TAMS 0x0000000094a00000| PB 0x0000000094a00000| Untracked 
| 331|0x0000000094b00000, 0x0000000094b00000, 0x0000000094c00000|  0%| F|  |TAMS 0x0000000094b00000| PB 0x0000000094b00000| Untracked 
| 332|0x0000000094c00000, 0x0000000094c00000, 0x0000000094d00000|  0%| F|  |TAMS 0x0000000094c00000| PB 0x0000000094c00000| Untracked 
| 333|0x0000000094d00000, 0x0000000094d00000, 0x0000000094e00000|  0%| F|  |TAMS 0x0000000094d00000| PB 0x0000000094d00000| Untracked 
| 334|0x0000000094e00000, 0x0000000094e00000, 0x0000000094f00000|  0%| F|  |TAMS 0x0000000094e00000| PB 0x0000000094e00000| Untracked 
| 335|0x0000000094f00000, 0x0000000094f00000, 0x0000000095000000|  0%| F|  |TAMS 0x0000000094f00000| PB 0x0000000094f00000| Untracked 
| 336|0x0000000095000000, 0x0000000095000000, 0x0000000095100000|  0%| F|  |TAMS 0x0000000095000000| PB 0x0000000095000000| Untracked 
| 337|0x0000000095100000, 0x0000000095100000, 0x0000000095200000|  0%| F|  |TAMS 0x0000000095100000| PB 0x0000000095100000| Untracked 
| 338|0x0000000095200000, 0x0000000095200000, 0x0000000095300000|  0%| F|  |TAMS 0x0000000095200000| PB 0x0000000095200000| Untracked 
| 339|0x0000000095300000, 0x0000000095300000, 0x0000000095400000|  0%| F|  |TAMS 0x0000000095300000| PB 0x0000000095300000| Untracked 
| 340|0x0000000095400000, 0x0000000095400000, 0x0000000095500000|  0%| F|  |TAMS 0x0000000095400000| PB 0x0000000095400000| Untracked 
| 341|0x0000000095500000, 0x0000000095500000, 0x0000000095600000|  0%| F|  |TAMS 0x0000000095500000| PB 0x0000000095500000| Untracked 
| 342|0x0000000095600000, 0x0000000095600000, 0x0000000095700000|  0%| F|  |TAMS 0x0000000095600000| PB 0x0000000095600000| Untracked 
| 343|0x0000000095700000, 0x0000000095700000, 0x0000000095800000|  0%| F|  |TAMS 0x0000000095700000| PB 0x0000000095700000| Untracked 
| 344|0x0000000095800000, 0x0000000095800000, 0x0000000095900000|  0%| F|  |TAMS 0x0000000095800000| PB 0x0000000095800000| Untracked 
| 345|0x0000000095900000, 0x0000000095900000, 0x0000000095a00000|  0%| F|  |TAMS 0x0000000095900000| PB 0x0000000095900000| Untracked 
| 346|0x0000000095a00000, 0x0000000095a00000, 0x0000000095b00000|  0%| F|  |TAMS 0x0000000095a00000| PB 0x0000000095a00000| Untracked 
| 347|0x0000000095b00000, 0x0000000095b00000, 0x0000000095c00000|  0%| F|  |TAMS 0x0000000095b00000| PB 0x0000000095b00000| Untracked 
| 348|0x0000000095c00000, 0x0000000095c00000, 0x0000000095d00000|  0%| F|  |TAMS 0x0000000095c00000| PB 0x0000000095c00000| Untracked 
| 349|0x0000000095d00000, 0x0000000095d00000, 0x0000000095e00000|  0%| F|  |TAMS 0x0000000095d00000| PB 0x0000000095d00000| Untracked 
| 350|0x0000000095e00000, 0x0000000095e00000, 0x0000000095f00000|  0%| F|  |TAMS 0x0000000095e00000| PB 0x0000000095e00000| Untracked 
| 351|0x0000000095f00000, 0x0000000095f00000, 0x0000000096000000|  0%| F|  |TAMS 0x0000000095f00000| PB 0x0000000095f00000| Untracked 
| 352|0x0000000096000000, 0x0000000096000000, 0x0000000096100000|  0%| F|  |TAMS 0x0000000096000000| PB 0x0000000096000000| Untracked 
| 353|0x0000000096100000, 0x0000000096100000, 0x0000000096200000|  0%| F|  |TAMS 0x0000000096100000| PB 0x0000000096100000| Untracked 
| 354|0x0000000096200000, 0x0000000096200000, 0x0000000096300000|  0%| F|  |TAMS 0x0000000096200000| PB 0x0000000096200000| Untracked 
| 355|0x0000000096300000, 0x0000000096300000, 0x0000000096400000|  0%| F|  |TAMS 0x0000000096300000| PB 0x0000000096300000| Untracked 
| 356|0x0000000096400000, 0x0000000096400000, 0x0000000096500000|  0%| F|  |TAMS 0x0000000096400000| PB 0x0000000096400000| Untracked 
| 357|0x0000000096500000, 0x0000000096500000, 0x0000000096600000|  0%| F|  |TAMS 0x0000000096500000| PB 0x0000000096500000| Untracked 
| 358|0x0000000096600000, 0x0000000096600000, 0x0000000096700000|  0%| F|  |TAMS 0x0000000096600000| PB 0x0000000096600000| Untracked 
| 359|0x0000000096700000, 0x0000000096700000, 0x0000000096800000|  0%| F|  |TAMS 0x0000000096700000| PB 0x0000000096700000| Untracked 
| 360|0x0000000096800000, 0x0000000096800000, 0x0000000096900000|  0%| F|  |TAMS 0x0000000096800000| PB 0x0000000096800000| Untracked 
| 361|0x0000000096900000, 0x0000000096900000, 0x0000000096a00000|  0%| F|  |TAMS 0x0000000096900000| PB 0x0000000096900000| Untracked 
| 362|0x0000000096a00000, 0x0000000096a00000, 0x0000000096b00000|  0%| F|  |TAMS 0x0000000096a00000| PB 0x0000000096a00000| Untracked 
| 363|0x0000000096b00000, 0x0000000096b00000, 0x0000000096c00000|  0%| F|  |TAMS 0x0000000096b00000| PB 0x0000000096b00000| Untracked 
| 364|0x0000000096c00000, 0x0000000096c00000, 0x0000000096d00000|  0%| F|  |TAMS 0x0000000096c00000| PB 0x0000000096c00000| Untracked 
| 365|0x0000000096d00000, 0x0000000096d00000, 0x0000000096e00000|  0%| F|  |TAMS 0x0000000096d00000| PB 0x0000000096d00000| Untracked 
| 366|0x0000000096e00000, 0x0000000096e00000, 0x0000000096f00000|  0%| F|  |TAMS 0x0000000096e00000| PB 0x0000000096e00000| Untracked 
| 367|0x0000000096f00000, 0x0000000096f00000, 0x0000000097000000|  0%| F|  |TAMS 0x0000000096f00000| PB 0x0000000096f00000| Untracked 
| 368|0x0000000097000000, 0x0000000097000000, 0x0000000097100000|  0%| F|  |TAMS 0x0000000097000000| PB 0x0000000097000000| Untracked 
| 369|0x0000000097100000, 0x0000000097100000, 0x0000000097200000|  0%| F|  |TAMS 0x0000000097100000| PB 0x0000000097100000| Untracked 
| 370|0x0000000097200000, 0x0000000097200000, 0x0000000097300000|  0%| F|  |TAMS 0x0000000097200000| PB 0x0000000097200000| Untracked 
| 371|0x0000000097300000, 0x0000000097300000, 0x0000000097400000|  0%| F|  |TAMS 0x0000000097300000| PB 0x0000000097300000| Untracked 
| 372|0x0000000097400000, 0x0000000097400000, 0x0000000097500000|  0%| F|  |TAMS 0x0000000097400000| PB 0x0000000097400000| Untracked 
| 373|0x0000000097500000, 0x0000000097500000, 0x0000000097600000|  0%| F|  |TAMS 0x0000000097500000| PB 0x0000000097500000| Untracked 
| 374|0x0000000097600000, 0x0000000097600000, 0x0000000097700000|  0%| F|  |TAMS 0x0000000097600000| PB 0x0000000097600000| Untracked 
| 375|0x0000000097700000, 0x0000000097700000, 0x0000000097800000|  0%| F|  |TAMS 0x0000000097700000| PB 0x0000000097700000| Untracked 
| 376|0x0000000097800000, 0x0000000097800000, 0x0000000097900000|  0%| F|  |TAMS 0x0000000097800000| PB 0x0000000097800000| Untracked 
| 377|0x0000000097900000, 0x0000000097900000, 0x0000000097a00000|  0%| F|  |TAMS 0x0000000097900000| PB 0x0000000097900000| Untracked 
| 378|0x0000000097a00000, 0x0000000097a00000, 0x0000000097b00000|  0%| F|  |TAMS 0x0000000097a00000| PB 0x0000000097a00000| Untracked 
| 379|0x0000000097b00000, 0x0000000097b00000, 0x0000000097c00000|  0%| F|  |TAMS 0x0000000097b00000| PB 0x0000000097b00000| Untracked 
| 380|0x0000000097c00000, 0x0000000097c00000, 0x0000000097d00000|  0%| F|  |TAMS 0x0000000097c00000| PB 0x0000000097c00000| Untracked 
| 381|0x0000000097d00000, 0x0000000097d00000, 0x0000000097e00000|  0%| F|  |TAMS 0x0000000097d00000| PB 0x0000000097d00000| Untracked 
| 382|0x0000000097e00000, 0x0000000097e00000, 0x0000000097f00000|  0%| F|  |TAMS 0x0000000097e00000| PB 0x0000000097e00000| Untracked 
| 383|0x0000000097f00000, 0x0000000097f00000, 0x0000000098000000|  0%| F|  |TAMS 0x0000000097f00000| PB 0x0000000097f00000| Untracked 
| 384|0x0000000098000000, 0x0000000098000000, 0x0000000098100000|  0%| F|  |TAMS 0x0000000098000000| PB 0x0000000098000000| Untracked 
| 385|0x0000000098100000, 0x0000000098100000, 0x0000000098200000|  0%| F|  |TAMS 0x0000000098100000| PB 0x0000000098100000| Untracked 
| 386|0x0000000098200000, 0x0000000098200000, 0x0000000098300000|  0%| F|  |TAMS 0x0000000098200000| PB 0x0000000098200000| Untracked 
| 387|0x0000000098300000, 0x0000000098300000, 0x0000000098400000|  0%| F|  |TAMS 0x0000000098300000| PB 0x0000000098300000| Untracked 
| 388|0x0000000098400000, 0x0000000098400000, 0x0000000098500000|  0%| F|  |TAMS 0x0000000098400000| PB 0x0000000098400000| Untracked 
| 389|0x0000000098500000, 0x0000000098500000, 0x0000000098600000|  0%| F|  |TAMS 0x0000000098500000| PB 0x0000000098500000| Untracked 
| 390|0x0000000098600000, 0x0000000098600000, 0x0000000098700000|  0%| F|  |TAMS 0x0000000098600000| PB 0x0000000098600000| Untracked 
| 391|0x0000000098700000, 0x0000000098700000, 0x0000000098800000|  0%| F|  |TAMS 0x0000000098700000| PB 0x0000000098700000| Untracked 
| 392|0x0000000098800000, 0x0000000098800000, 0x0000000098900000|  0%| F|  |TAMS 0x0000000098800000| PB 0x0000000098800000| Untracked 
| 393|0x0000000098900000, 0x0000000098900000, 0x0000000098a00000|  0%| F|  |TAMS 0x0000000098900000| PB 0x0000000098900000| Untracked 
| 394|0x0000000098a00000, 0x0000000098a00000, 0x0000000098b00000|  0%| F|  |TAMS 0x0000000098a00000| PB 0x0000000098a00000| Untracked 
| 395|0x0000000098b00000, 0x0000000098b00000, 0x0000000098c00000|  0%| F|  |TAMS 0x0000000098b00000| PB 0x0000000098b00000| Untracked 
| 396|0x0000000098c00000, 0x0000000098c00000, 0x0000000098d00000|  0%| F|  |TAMS 0x0000000098c00000| PB 0x0000000098c00000| Untracked 
| 397|0x0000000098d00000, 0x0000000098d00000, 0x0000000098e00000|  0%| F|  |TAMS 0x0000000098d00000| PB 0x0000000098d00000| Untracked 
| 398|0x0000000098e00000, 0x0000000098e00000, 0x0000000098f00000|  0%| F|  |TAMS 0x0000000098e00000| PB 0x0000000098e00000| Untracked 
| 399|0x0000000098f00000, 0x0000000098f00000, 0x0000000099000000|  0%| F|  |TAMS 0x0000000098f00000| PB 0x0000000098f00000| Untracked 
| 400|0x0000000099000000, 0x0000000099000000, 0x0000000099100000|  0%| F|  |TAMS 0x0000000099000000| PB 0x0000000099000000| Untracked 
| 401|0x0000000099100000, 0x0000000099100000, 0x0000000099200000|  0%| F|  |TAMS 0x0000000099100000| PB 0x0000000099100000| Untracked 
| 402|0x0000000099200000, 0x0000000099200000, 0x0000000099300000|  0%| F|  |TAMS 0x0000000099200000| PB 0x0000000099200000| Untracked 
| 403|0x0000000099300000, 0x0000000099300000, 0x0000000099400000|  0%| F|  |TAMS 0x0000000099300000| PB 0x0000000099300000| Untracked 
| 404|0x0000000099400000, 0x0000000099400000, 0x0000000099500000|  0%| F|  |TAMS 0x0000000099400000| PB 0x0000000099400000| Untracked 
| 405|0x0000000099500000, 0x0000000099500000, 0x0000000099600000|  0%| F|  |TAMS 0x0000000099500000| PB 0x0000000099500000| Untracked 
| 406|0x0000000099600000, 0x0000000099600000, 0x0000000099700000|  0%| F|  |TAMS 0x0000000099600000| PB 0x0000000099600000| Untracked 
| 407|0x0000000099700000, 0x0000000099700000, 0x0000000099800000|  0%| F|  |TAMS 0x0000000099700000| PB 0x0000000099700000| Untracked 
| 408|0x0000000099800000, 0x0000000099800000, 0x0000000099900000|  0%| F|  |TAMS 0x0000000099800000| PB 0x0000000099800000| Untracked 
| 409|0x0000000099900000, 0x0000000099900000, 0x0000000099a00000|  0%| F|  |TAMS 0x0000000099900000| PB 0x0000000099900000| Untracked 
| 410|0x0000000099a00000, 0x0000000099a00000, 0x0000000099b00000|  0%| F|  |TAMS 0x0000000099a00000| PB 0x0000000099a00000| Untracked 
| 411|0x0000000099b00000, 0x0000000099b00000, 0x0000000099c00000|  0%| F|  |TAMS 0x0000000099b00000| PB 0x0000000099b00000| Untracked 
| 412|0x0000000099c00000, 0x0000000099c00000, 0x0000000099d00000|  0%| F|  |TAMS 0x0000000099c00000| PB 0x0000000099c00000| Untracked 
| 413|0x0000000099d00000, 0x0000000099d00000, 0x0000000099e00000|  0%| F|  |TAMS 0x0000000099d00000| PB 0x0000000099d00000| Untracked 
| 414|0x0000000099e00000, 0x0000000099e00000, 0x0000000099f00000|  0%| F|  |TAMS 0x0000000099e00000| PB 0x0000000099e00000| Untracked 
| 415|0x0000000099f00000, 0x0000000099f00000, 0x000000009a000000|  0%| F|  |TAMS 0x0000000099f00000| PB 0x0000000099f00000| Untracked 
| 416|0x000000009a000000, 0x000000009a000000, 0x000000009a100000|  0%| F|  |TAMS 0x000000009a000000| PB 0x000000009a000000| Untracked 
| 417|0x000000009a100000, 0x000000009a100000, 0x000000009a200000|  0%| F|  |TAMS 0x000000009a100000| PB 0x000000009a100000| Untracked 
| 418|0x000000009a200000, 0x000000009a200000, 0x000000009a300000|  0%| F|  |TAMS 0x000000009a200000| PB 0x000000009a200000| Untracked 
| 419|0x000000009a300000, 0x000000009a300000, 0x000000009a400000|  0%| F|  |TAMS 0x000000009a300000| PB 0x000000009a300000| Untracked 
| 420|0x000000009a400000, 0x000000009a400000, 0x000000009a500000|  0%| F|  |TAMS 0x000000009a400000| PB 0x000000009a400000| Untracked 
| 421|0x000000009a500000, 0x000000009a500000, 0x000000009a600000|  0%| F|  |TAMS 0x000000009a500000| PB 0x000000009a500000| Untracked 
| 422|0x000000009a600000, 0x000000009a600000, 0x000000009a700000|  0%| F|  |TAMS 0x000000009a600000| PB 0x000000009a600000| Untracked 
| 423|0x000000009a700000, 0x000000009a700000, 0x000000009a800000|  0%| F|  |TAMS 0x000000009a700000| PB 0x000000009a700000| Untracked 
| 424|0x000000009a800000, 0x000000009a800000, 0x000000009a900000|  0%| F|  |TAMS 0x000000009a800000| PB 0x000000009a800000| Untracked 
| 425|0x000000009a900000, 0x000000009a900000, 0x000000009aa00000|  0%| F|  |TAMS 0x000000009a900000| PB 0x000000009a900000| Untracked 
| 426|0x000000009aa00000, 0x000000009aa00000, 0x000000009ab00000|  0%| F|  |TAMS 0x000000009aa00000| PB 0x000000009aa00000| Untracked 
| 427|0x000000009ab00000, 0x000000009ab00000, 0x000000009ac00000|  0%| F|  |TAMS 0x000000009ab00000| PB 0x000000009ab00000| Untracked 
| 428|0x000000009ac00000, 0x000000009ac00000, 0x000000009ad00000|  0%| F|  |TAMS 0x000000009ac00000| PB 0x000000009ac00000| Untracked 
| 429|0x000000009ad00000, 0x000000009ad00000, 0x000000009ae00000|  0%| F|  |TAMS 0x000000009ad00000| PB 0x000000009ad00000| Untracked 
| 430|0x000000009ae00000, 0x000000009ae00000, 0x000000009af00000|  0%| F|  |TAMS 0x000000009ae00000| PB 0x000000009ae00000| Untracked 
| 431|0x000000009af00000, 0x000000009af00000, 0x000000009b000000|  0%| F|  |TAMS 0x000000009af00000| PB 0x000000009af00000| Untracked 
| 432|0x000000009b000000, 0x000000009b000000, 0x000000009b100000|  0%| F|  |TAMS 0x000000009b000000| PB 0x000000009b000000| Untracked 
| 433|0x000000009b100000, 0x000000009b100000, 0x000000009b200000|  0%| F|  |TAMS 0x000000009b100000| PB 0x000000009b100000| Untracked 
| 434|0x000000009b200000, 0x000000009b200000, 0x000000009b300000|  0%| F|  |TAMS 0x000000009b200000| PB 0x000000009b200000| Untracked 
| 435|0x000000009b300000, 0x000000009b300000, 0x000000009b400000|  0%| F|  |TAMS 0x000000009b300000| PB 0x000000009b300000| Untracked 
| 436|0x000000009b400000, 0x000000009b400000, 0x000000009b500000|  0%| F|  |TAMS 0x000000009b400000| PB 0x000000009b400000| Untracked 
| 437|0x000000009b500000, 0x000000009b500000, 0x000000009b600000|  0%| F|  |TAMS 0x000000009b500000| PB 0x000000009b500000| Untracked 
| 438|0x000000009b600000, 0x000000009b600000, 0x000000009b700000|  0%| F|  |TAMS 0x000000009b600000| PB 0x000000009b600000| Untracked 
| 439|0x000000009b700000, 0x000000009b700000, 0x000000009b800000|  0%| F|  |TAMS 0x000000009b700000| PB 0x000000009b700000| Untracked 
| 440|0x000000009b800000, 0x000000009b800000, 0x000000009b900000|  0%| F|  |TAMS 0x000000009b800000| PB 0x000000009b800000| Untracked 
| 441|0x000000009b900000, 0x000000009b900000, 0x000000009ba00000|  0%| F|  |TAMS 0x000000009b900000| PB 0x000000009b900000| Untracked 
| 442|0x000000009ba00000, 0x000000009ba00000, 0x000000009bb00000|  0%| F|  |TAMS 0x000000009ba00000| PB 0x000000009ba00000| Untracked 
| 443|0x000000009bb00000, 0x000000009bb00000, 0x000000009bc00000|  0%| F|  |TAMS 0x000000009bb00000| PB 0x000000009bb00000| Untracked 
| 444|0x000000009bc00000, 0x000000009bc00000, 0x000000009bd00000|  0%| F|  |TAMS 0x000000009bc00000| PB 0x000000009bc00000| Untracked 
| 445|0x000000009bd00000, 0x000000009bd00000, 0x000000009be00000|  0%| F|  |TAMS 0x000000009bd00000| PB 0x000000009bd00000| Untracked 
| 446|0x000000009be00000, 0x000000009be00000, 0x000000009bf00000|  0%| F|  |TAMS 0x000000009be00000| PB 0x000000009be00000| Untracked 
| 447|0x000000009bf00000, 0x000000009bf00000, 0x000000009c000000|  0%| F|  |TAMS 0x000000009bf00000| PB 0x000000009bf00000| Untracked 
| 448|0x000000009c000000, 0x000000009c000000, 0x000000009c100000|  0%| F|  |TAMS 0x000000009c000000| PB 0x000000009c000000| Untracked 
| 449|0x000000009c100000, 0x000000009c100000, 0x000000009c200000|  0%| F|  |TAMS 0x000000009c100000| PB 0x000000009c100000| Untracked 
| 450|0x000000009c200000, 0x000000009c200000, 0x000000009c300000|  0%| F|  |TAMS 0x000000009c200000| PB 0x000000009c200000| Untracked 
| 451|0x000000009c300000, 0x000000009c300000, 0x000000009c400000|  0%| F|  |TAMS 0x000000009c300000| PB 0x000000009c300000| Untracked 
|1985|0x00000000fc100000, 0x00000000fc100000, 0x00000000fc200000|  0%| F|  |TAMS 0x00000000fc100000| PB 0x00000000fc100000| Untracked 
|1986|0x00000000fc200000, 0x00000000fc200000, 0x00000000fc300000|  0%| F|  |TAMS 0x00000000fc200000| PB 0x00000000fc200000| Untracked 
|1987|0x00000000fc300000, 0x00000000fc300000, 0x00000000fc400000|  0%| F|  |TAMS 0x00000000fc300000| PB 0x00000000fc300000| Untracked 
|1988|0x00000000fc400000, 0x00000000fc400000, 0x00000000fc500000|  0%| F|  |TAMS 0x00000000fc400000| PB 0x00000000fc400000| Untracked 
|1989|0x00000000fc500000, 0x00000000fc500000, 0x00000000fc600000|  0%| F|  |TAMS 0x00000000fc500000| PB 0x00000000fc500000| Untracked 
|1990|0x00000000fc600000, 0x00000000fc600000, 0x00000000fc700000|  0%| F|  |TAMS 0x00000000fc600000| PB 0x00000000fc600000| Untracked 
|1991|0x00000000fc700000, 0x00000000fc700000, 0x00000000fc800000|  0%| F|  |TAMS 0x00000000fc700000| PB 0x00000000fc700000| Untracked 
|1992|0x00000000fc800000, 0x00000000fc800000, 0x00000000fc900000|  0%| F|  |TAMS 0x00000000fc800000| PB 0x00000000fc800000| Untracked 
|1993|0x00000000fc900000, 0x00000000fc900000, 0x00000000fca00000|  0%| F|  |TAMS 0x00000000fc900000| PB 0x00000000fc900000| Untracked 
|1994|0x00000000fca00000, 0x00000000fca00000, 0x00000000fcb00000|  0%| F|  |TAMS 0x00000000fca00000| PB 0x00000000fca00000| Untracked 
|1995|0x00000000fcb00000, 0x00000000fcb00000, 0x00000000fcc00000|  0%| F|  |TAMS 0x00000000fcb00000| PB 0x00000000fcb00000| Untracked 
|1996|0x00000000fcc00000, 0x00000000fcc00000, 0x00000000fcd00000|  0%| F|  |TAMS 0x00000000fcc00000| PB 0x00000000fcc00000| Untracked 
|1997|0x00000000fcd00000, 0x00000000fcd00000, 0x00000000fce00000|  0%| F|  |TAMS 0x00000000fcd00000| PB 0x00000000fcd00000| Untracked 
|1998|0x00000000fce00000, 0x00000000fce00000, 0x00000000fcf00000|  0%| F|  |TAMS 0x00000000fce00000| PB 0x00000000fce00000| Untracked 
|1999|0x00000000fcf00000, 0x00000000fcf00000, 0x00000000fd000000|  0%| F|  |TAMS 0x00000000fcf00000| PB 0x00000000fcf00000| Untracked 
|2000|0x00000000fd000000, 0x00000000fd000000, 0x00000000fd100000|  0%| F|  |TAMS 0x00000000fd000000| PB 0x00000000fd000000| Untracked 
|2001|0x00000000fd100000, 0x00000000fd200000, 0x00000000fd200000|100%| E|  |TAMS 0x00000000fd100000| PB 0x00000000fd100000| Complete 
|2002|0x00000000fd200000, 0x00000000fd300000, 0x00000000fd300000|100%| E|CS|TAMS 0x00000000fd200000| PB 0x00000000fd200000| Complete 
|2003|0x00000000fd300000, 0x00000000fd400000, 0x00000000fd400000|100%| E|CS|TAMS 0x00000000fd300000| PB 0x00000000fd300000| Complete 
|2004|0x00000000fd400000, 0x00000000fd500000, 0x00000000fd500000|100%| E|CS|TAMS 0x00000000fd400000| PB 0x00000000fd400000| Complete 
|2005|0x00000000fd500000, 0x00000000fd600000, 0x00000000fd600000|100%| E|CS|TAMS 0x00000000fd500000| PB 0x00000000fd500000| Complete 
|2006|0x00000000fd600000, 0x00000000fd700000, 0x00000000fd700000|100%| E|CS|TAMS 0x00000000fd600000| PB 0x00000000fd600000| Complete 
|2007|0x00000000fd700000, 0x00000000fd800000, 0x00000000fd800000|100%| E|CS|TAMS 0x00000000fd700000| PB 0x00000000fd700000| Complete 
|2008|0x00000000fd800000, 0x00000000fd900000, 0x00000000fd900000|100%| E|CS|TAMS 0x00000000fd800000| PB 0x00000000fd800000| Complete 
|2009|0x00000000fd900000, 0x00000000fda00000, 0x00000000fda00000|100%| E|CS|TAMS 0x00000000fd900000| PB 0x00000000fd900000| Complete 
|2010|0x00000000fda00000, 0x00000000fdb00000, 0x00000000fdb00000|100%| E|CS|TAMS 0x00000000fda00000| PB 0x00000000fda00000| Complete 
|2011|0x00000000fdb00000, 0x00000000fdc00000, 0x00000000fdc00000|100%| E|CS|TAMS 0x00000000fdb00000| PB 0x00000000fdb00000| Complete 
|2012|0x00000000fdc00000, 0x00000000fdd00000, 0x00000000fdd00000|100%| E|CS|TAMS 0x00000000fdc00000| PB 0x00000000fdc00000| Complete 
|2013|0x00000000fdd00000, 0x00000000fde00000, 0x00000000fde00000|100%| E|CS|TAMS 0x00000000fdd00000| PB 0x00000000fdd00000| Complete 
|2014|0x00000000fde00000, 0x00000000fdf00000, 0x00000000fdf00000|100%| E|CS|TAMS 0x00000000fde00000| PB 0x00000000fde00000| Complete 
|2015|0x00000000fdf00000, 0x00000000fe000000, 0x00000000fe000000|100%| E|CS|TAMS 0x00000000fdf00000| PB 0x00000000fdf00000| Complete 
|2016|0x00000000fe000000, 0x00000000fe100000, 0x00000000fe100000|100%| E|CS|TAMS 0x00000000fe000000| PB 0x00000000fe000000| Complete 
|2017|0x00000000fe100000, 0x00000000fe200000, 0x00000000fe200000|100%| E|CS|TAMS 0x00000000fe100000| PB 0x00000000fe100000| Complete 
|2018|0x00000000fe200000, 0x00000000fe300000, 0x00000000fe300000|100%| E|CS|TAMS 0x00000000fe200000| PB 0x00000000fe200000| Complete 
|2019|0x00000000fe300000, 0x00000000fe400000, 0x00000000fe400000|100%| E|CS|TAMS 0x00000000fe300000| PB 0x00000000fe300000| Complete 
|2020|0x00000000fe400000, 0x00000000fe500000, 0x00000000fe500000|100%| E|CS|TAMS 0x00000000fe400000| PB 0x00000000fe400000| Complete 
|2021|0x00000000fe500000, 0x00000000fe600000, 0x00000000fe600000|100%| E|CS|TAMS 0x00000000fe500000| PB 0x00000000fe500000| Complete 
|2022|0x00000000fe600000, 0x00000000fe700000, 0x00000000fe700000|100%| E|CS|TAMS 0x00000000fe600000| PB 0x00000000fe600000| Complete 
|2023|0x00000000fe700000, 0x00000000fe800000, 0x00000000fe800000|100%| E|CS|TAMS 0x00000000fe700000| PB 0x00000000fe700000| Complete 
|2024|0x00000000fe800000, 0x00000000fe900000, 0x00000000fe900000|100%| E|CS|TAMS 0x00000000fe800000| PB 0x00000000fe800000| Complete 
|2025|0x00000000fe900000, 0x00000000fea00000, 0x00000000fea00000|100%| E|CS|TAMS 0x00000000fe900000| PB 0x00000000fe900000| Complete 
|2026|0x00000000fea00000, 0x00000000feb00000, 0x00000000feb00000|100%| E|CS|TAMS 0x00000000fea00000| PB 0x00000000fea00000| Complete 
|2027|0x00000000feb00000, 0x00000000fec00000, 0x00000000fec00000|100%| E|CS|TAMS 0x00000000feb00000| PB 0x00000000feb00000| Complete 
|2028|0x00000000fec00000, 0x00000000fed00000, 0x00000000fed00000|100%| E|CS|TAMS 0x00000000fec00000| PB 0x00000000fec00000| Complete 
|2029|0x00000000fed00000, 0x00000000fee00000, 0x00000000fee00000|100%| E|CS|TAMS 0x00000000fed00000| PB 0x00000000fed00000| Complete 
|2030|0x00000000fee00000, 0x00000000fef00000, 0x00000000fef00000|100%| E|CS|TAMS 0x00000000fee00000| PB 0x00000000fee00000| Complete 
|2031|0x00000000fef00000, 0x00000000ff000000, 0x00000000ff000000|100%| E|CS|TAMS 0x00000000fef00000| PB 0x00000000fef00000| Complete 
|2032|0x00000000ff000000, 0x00000000ff100000, 0x00000000ff100000|100%| E|CS|TAMS 0x00000000ff000000| PB 0x00000000ff000000| Complete 
|2033|0x00000000ff100000, 0x00000000ff200000, 0x00000000ff200000|100%| E|CS|TAMS 0x00000000ff100000| PB 0x00000000ff100000| Complete 
|2034|0x00000000ff200000, 0x00000000ff300000, 0x00000000ff300000|100%| E|CS|TAMS 0x00000000ff200000| PB 0x00000000ff200000| Complete 
|2035|0x00000000ff300000, 0x00000000ff400000, 0x00000000ff400000|100%| E|  |TAMS 0x00000000ff300000| PB 0x00000000ff300000| Complete 
|2036|0x00000000ff400000, 0x00000000ff500000, 0x00000000ff500000|100%| E|CS|TAMS 0x00000000ff400000| PB 0x00000000ff400000| Complete 
|2037|0x00000000ff500000, 0x00000000ff600000, 0x00000000ff600000|100%| E|CS|TAMS 0x00000000ff500000| PB 0x00000000ff500000| Complete 
|2038|0x00000000ff600000, 0x00000000ff700000, 0x00000000ff700000|100%| E|CS|TAMS 0x00000000ff600000| PB 0x00000000ff600000| Complete 
|2039|0x00000000ff700000, 0x00000000ff800000, 0x00000000ff800000|100%| E|CS|TAMS 0x00000000ff700000| PB 0x00000000ff700000| Complete 
|2040|0x00000000ff800000, 0x00000000ff900000, 0x00000000ff900000|100%| E|CS|TAMS 0x00000000ff800000| PB 0x00000000ff800000| Complete 
|2041|0x00000000ff900000, 0x00000000ffa00000, 0x00000000ffa00000|100%| E|CS|TAMS 0x00000000ff900000| PB 0x00000000ff900000| Complete 
|2042|0x00000000ffa00000, 0x00000000ffb00000, 0x00000000ffb00000|100%| E|CS|TAMS 0x00000000ffa00000| PB 0x00000000ffa00000| Complete 
|2043|0x00000000ffb00000, 0x00000000ffc00000, 0x00000000ffc00000|100%| O|  |TAMS 0x00000000ffb00000| PB 0x00000000ffb00000| Untracked 
|2044|0x00000000ffc00000, 0x00000000ffd00000, 0x00000000ffd00000|100%| O|  |TAMS 0x00000000ffc00000| PB 0x00000000ffc00000| Untracked 
|2045|0x00000000ffd00000, 0x00000000ffe00000, 0x00000000ffe00000|100%| O|  |TAMS 0x00000000ffd00000| PB 0x00000000ffd00000| Untracked 
|2046|0x00000000ffe00000, 0x00000000fff00000, 0x00000000fff00000|100%| O|  |TAMS 0x00000000ffe00000| PB 0x00000000ffe00000| Untracked 
|2047|0x00000000fff00000, 0x0000000100000000, 0x0000000100000000|100%| O|  |TAMS 0x00000000fff00000| PB 0x00000000fff00000| Untracked 

Card table byte_map: [0x00000218767b0000,0x0000021876bb0000] _byte_map_base: 0x00000218763b0000

Marking Bits: (CMBitMap*) 0x000002185e7c6b30
 Bits: [0x0000021876bb0000, 0x0000021878bb0000)

Polling page: 0x000002185c7f0000

Metaspace:

Usage:
  Non-class:    188.51 MB used.
      Class:     27.27 MB used.
       Both:    215.78 MB used.

Virtual space:
  Non-class space:      192.00 MB reserved,     189.44 MB ( 99%) committed,  3 nodes.
      Class space:        1.00 GB reserved,      28.12 MB (  3%) committed,  1 nodes.
             Both:        1.19 GB reserved,     217.56 MB ( 18%) committed. 

Chunk freelists:
   Non-Class:  2.50 MB
       Class:  3.83 MB
        Both:  6.33 MB

MaxMetaspaceSize: unlimited
CompressedClassSpaceSize: 1.00 GB
Initial GC threshold: 21.00 MB
Current GC threshold: 319.50 MB
CDS: on
 - commit_granule_bytes: 65536.
 - commit_granule_words: 8192.
 - virtual_space_node_default_size: 8388608.
 - enlarge_chunks_in_place: 1.
 - use_allocation_guard: 0.


Internal statistics:

num_allocs_failed_limit: 3.
num_arena_births: 5930.
num_arena_deaths: 3110.
num_vsnodes_births: 4.
num_vsnodes_deaths: 0.
num_space_committed: 3479.
num_space_uncommitted: 0.
num_chunks_returned_to_freelist: 3626.
num_chunks_taken_from_freelist: 16710.
num_chunk_merges: 1376.
num_chunk_splits: 10465.
num_chunks_enlarged: 7248.
num_inconsistent_stats: 0.

CodeHeap 'non-profiled nmethods': size=120000Kb used=14959Kb max_used=15556Kb free=105040Kb
 bounds [0x000002186e930000, 0x000002186f870000, 0x0000021875e60000]
CodeHeap 'profiled nmethods': size=120000Kb used=40556Kb max_used=44003Kb free=79443Kb
 bounds [0x0000021866e60000, 0x0000021869970000, 0x000002186e390000]
CodeHeap 'non-nmethods': size=5760Kb used=2759Kb max_used=2810Kb free=3000Kb
 bounds [0x000002186e390000, 0x000002186e660000, 0x000002186e930000]
 total_blobs=21721 nmethods=20414 adapters=1209
 compilation: enabled
              stopped_count=0, restarted_count=0
 full_count=0

Compilation events (20 events):
Event: 2600.185 Thread 0x000002187b842810 32280       2       com.google.common.collect.AbstractMapBasedMultimap$AsMap$AsMapIterator::hasNext (10 bytes)
Event: 2600.185 Thread 0x000002187b842810 nmethod 32280 0x000002186877a710 code [0x000002186877a8c0, 0x000002186877a9f8]
Event: 2600.185 Thread 0x000002187b842810 32278       2       com.google.common.collect.AbstractMapBasedMultimap::iteratorOrListIterator (26 bytes)
Event: 2600.185 Thread 0x000002187b842810 nmethod 32278 0x000002186877a210 code [0x000002186877a3e0, 0x000002186877a600]
Event: 2600.185 Thread 0x000002187b842810 32281       2       com.google.common.collect.AbstractMapBasedMultimap$AsMap$AsMapIterator::next (5 bytes)
Event: 2600.185 Thread 0x000002187b842810 nmethod 32281 0x0000021868779c10 code [0x0000021868779de0, 0x000002186877a090]
Event: 2600.185 Thread 0x000002187b842810 32284       2       org.gradle.api.internal.tasks.compile.incremental.compilerapi.deps.DependentsSet::merge (230 bytes)
Event: 2600.188 Thread 0x000002187b842810 nmethod 32284 0x0000021868777b90 code [0x0000021868777fe0, 0x00000218687793e0]
Event: 2600.188 Thread 0x000002187b842810 32283       2       com.google.common.collect.AbstractMapBasedMultimap$AsMap::wrapEntry (29 bytes)
Event: 2600.188 Thread 0x000002187b842810 nmethod 32283 0x0000021868777510 code [0x00000218687776e0, 0x0000021868777a30]
Event: 2600.188 Thread 0x000002187b842810 32282       2       com.google.common.collect.AbstractMapBasedMultimap$AsMap$AsMapIterator::next (35 bytes)
Event: 2600.188 Thread 0x000002187b842810 nmethod 32282 0x0000021868776f10 code [0x00000218687770e0, 0x0000021868777390]
Event: 2600.190 Thread 0x000002187b842810 32289       3       com.google.common.collect.AbstractMapBasedMultimap$AsMap$AsMapIterator::next (5 bytes)
Event: 2600.191 Thread 0x000002187b842810 nmethod 32289 0x0000021868776590 code [0x0000021868776780, 0x0000021868776d50]
Event: 2600.192 Thread 0x000002187b842810 32290       3       org.gradle.api.internal.tasks.compile.incremental.compilerapi.deps.DependentsSet::merge (230 bytes)
Event: 2600.194 Thread 0x000002187b842810 nmethod 32290 0x0000021868771c90 code [0x0000021868772260, 0x00000218687757f8]
Event: 2600.195 Thread 0x000002187b842810 32291       3       com.google.common.collect.AbstractMapBasedMultimap$AsMap::wrapEntry (29 bytes)
Event: 2600.195 Thread 0x000002187b842810 nmethod 32291 0x0000021868771110 code [0x0000021868771320, 0x0000021868771a70]
Event: 2600.217 Thread 0x000002187b842810 32294       2       java.lang.Math::multiplyHigh (86 bytes)
Event: 2600.218 Thread 0x000002187b842810 nmethod 32294 0x0000021868770d90 code [0x0000021868770f20, 0x0000021868771080]

GC Heap History (20 events):
Event: 51.571 GC heap before
{Heap before GC invocations=66 (full 0):
 garbage-first heap   total 485376K, used 372339K [0x0000000080000000, 0x0000000100000000)
  region size 1024K, 178 young (182272K), 22 survivors (22528K)
 Metaspace       used 180488K, committed 183488K, reserved 1245184K
  class space    used 23075K, committed 24576K, reserved 1048576K
}
Event: 51.599 GC heap after
{Heap after GC invocations=67 (full 0):
 garbage-first heap   total 485376K, used 226715K [0x0000000080000000, 0x0000000100000000)
  region size 1024K, 25 young (25600K), 25 survivors (25600K)
 Metaspace       used 180488K, committed 183488K, reserved 1245184K
  class space    used 23075K, committed 24576K, reserved 1048576K
}
Event: 2555.286 GC heap before
{Heap before GC invocations=68 (full 0):
 garbage-first heap   total 485376K, used 433563K [0x0000000080000000, 0x0000000100000000)
  region size 1024K, 226 young (231424K), 25 survivors (25600K)
 Metaspace       used 182142K, committed 185280K, reserved 1245184K
  class space    used 23282K, committed 24832K, reserved 1048576K
}
Event: 2555.530 GC heap after
{Heap after GC invocations=69 (full 0):
 garbage-first heap   total 485376K, used 235163K [0x0000000080000000, 0x0000000100000000)
  region size 1024K, 23 young (23552K), 23 survivors (23552K)
 Metaspace       used 182142K, committed 185280K, reserved 1245184K
  class space    used 23282K, committed 24832K, reserved 1048576K
}
Event: 2561.665 GC heap before
{Heap before GC invocations=69 (full 0):
 garbage-first heap   total 485376K, used 438939K [0x0000000080000000, 0x0000000100000000)
  region size 1024K, 219 young (224256K), 23 survivors (23552K)
 Metaspace       used 186969K, committed 190080K, reserved 1245184K
  class space    used 23898K, committed 25472K, reserved 1048576K
}
Event: 2561.754 GC heap after
{Heap after GC invocations=70 (full 0):
 garbage-first heap   total 499712K, used 261808K [0x0000000080000000, 0x0000000100000000)
  region size 1024K, 28 young (28672K), 28 survivors (28672K)
 Metaspace       used 186969K, committed 190080K, reserved 1245184K
  class space    used 23898K, committed 25472K, reserved 1048576K
}
Event: 2562.641 GC heap before
{Heap before GC invocations=70 (full 0):
 garbage-first heap   total 499712K, used 324272K [0x0000000080000000, 0x0000000100000000)
  region size 1024K, 91 young (93184K), 28 survivors (28672K)
 Metaspace       used 189759K, committed 192960K, reserved 1245184K
  class space    used 24226K, committed 25856K, reserved 1048576K
}
Event: 2562.682 GC heap after
{Heap after GC invocations=71 (full 0):
 garbage-first heap   total 499712K, used 287706K [0x0000000080000000, 0x0000000100000000)
  region size 1024K, 24 young (24576K), 24 survivors (24576K)
 Metaspace       used 189759K, committed 192960K, reserved 1245184K
  class space    used 24226K, committed 25856K, reserved 1048576K
}
Event: 2565.290 GC heap before
{Heap before GC invocations=72 (full 0):
 garbage-first heap   total 527360K, used 431066K [0x0000000080000000, 0x0000000100000000)
  region size 1024K, 133 young (136192K), 24 survivors (24576K)
 Metaspace       used 188753K, committed 193792K, reserved 1245184K
  class space    used 23710K, committed 25920K, reserved 1048576K
}
Event: 2565.307 GC heap after
{Heap after GC invocations=73 (full 0):
 garbage-first heap   total 527360K, used 287681K [0x0000000080000000, 0x0000000100000000)
  region size 1024K, 9 young (9216K), 9 survivors (9216K)
 Metaspace       used 188753K, committed 193792K, reserved 1245184K
  class space    used 23710K, committed 25920K, reserved 1048576K
}
Event: 2566.336 GC heap before
{Heap before GC invocations=73 (full 0):
 garbage-first heap   total 527360K, used 422849K [0x0000000080000000, 0x0000000100000000)
  region size 1024K, 142 young (145408K), 9 survivors (9216K)
 Metaspace       used 190743K, committed 194112K, reserved 1245184K
  class space    used 23926K, committed 25920K, reserved 1048576K
}
Event: 2566.360 GC heap after
{Heap after GC invocations=74 (full 0):
 garbage-first heap   total 527360K, used 284446K [0x0000000080000000, 0x0000000100000000)
  region size 1024K, 14 young (14336K), 14 survivors (14336K)
 Metaspace       used 190743K, committed 194112K, reserved 1245184K
  class space    used 23926K, committed 25920K, reserved 1048576K
}
Event: 2567.395 GC heap before
{Heap before GC invocations=74 (full 0):
 garbage-first heap   total 527360K, used 430878K [0x0000000080000000, 0x0000000100000000)
  region size 1024K, 158 young (161792K), 14 survivors (14336K)
 Metaspace       used 193413K, committed 195840K, reserved 1245184K
  class space    used 24319K, committed 25920K, reserved 1048576K
}
Event: 2567.415 GC heap after
{Heap after GC invocations=75 (full 0):
 garbage-first heap   total 527360K, used 293711K [0x0000000080000000, 0x0000000100000000)
  region size 1024K, 18 young (18432K), 18 survivors (18432K)
 Metaspace       used 193413K, committed 195840K, reserved 1245184K
  class space    used 24319K, committed 25920K, reserved 1048576K
}
Event: 2569.681 GC heap before
{Heap before GC invocations=76 (full 0):
 garbage-first heap   total 527360K, used 438095K [0x0000000080000000, 0x0000000100000000)
  region size 1024K, 165 young (168960K), 18 survivors (18432K)
 Metaspace       used 205699K, committed 207360K, reserved 1245184K
  class space    used 26229K, committed 27008K, reserved 1048576K
}
Event: 2569.698 GC heap after
{Heap after GC invocations=77 (full 0):
 garbage-first heap   total 527360K, used 291574K [0x0000000080000000, 0x0000000100000000)
  region size 1024K, 14 young (14336K), 14 survivors (14336K)
 Metaspace       used 205699K, committed 207360K, reserved 1245184K
  class space    used 26229K, committed 27008K, reserved 1048576K
}
Event: 2574.043 GC heap before
{Heap before GC invocations=77 (full 0):
 garbage-first heap   total 527360K, used 453366K [0x0000000080000000, 0x0000000100000000)
  region size 1024K, 173 young (177152K), 14 survivors (14336K)
 Metaspace       used 207242K, committed 208960K, reserved 1245184K
  class space    used 26368K, committed 27200K, reserved 1048576K
}
Event: 2574.070 GC heap after
{Heap after GC invocations=78 (full 0):
 garbage-first heap   total 527360K, used 258311K [0x0000000080000000, 0x0000000100000000)
  region size 1024K, 10 young (10240K), 10 survivors (10240K)
 Metaspace       used 207242K, committed 208960K, reserved 1245184K
  class space    used 26368K, committed 27200K, reserved 1048576K
}
Event: 2598.956 GC heap before
{Heap before GC invocations=78 (full 0):
 garbage-first heap   total 527360K, used 455943K [0x0000000080000000, 0x0000000100000000)
  region size 1024K, 198 young (202752K), 10 survivors (10240K)
 Metaspace       used 220757K, committed 222656K, reserved 1245184K
  class space    used 27907K, committed 28800K, reserved 1048576K
}
Event: 2598.992 GC heap after
{Heap after GC invocations=79 (full 0):
 garbage-first heap   total 527360K, used 262065K [0x0000000080000000, 0x0000000100000000)
  region size 1024K, 21 young (21504K), 21 survivors (21504K)
 Metaspace       used 220757K, committed 222656K, reserved 1245184K
  class space    used 27907K, committed 28800K, reserved 1048576K
}

Dll operation events (17 events):
Event: 0.029 Loaded shared library C:\Users\zarfi\.gradle\jdks\eclipse_adoptium-21-amd64-windows.2\bin\java.dll
Event: 0.077 Loaded shared library C:\Users\zarfi\.gradle\jdks\eclipse_adoptium-21-amd64-windows.2\bin\jsvml.dll
Event: 0.148 Loaded shared library C:\Users\zarfi\.gradle\jdks\eclipse_adoptium-21-amd64-windows.2\bin\zip.dll
Event: 0.162 Loaded shared library C:\Users\zarfi\.gradle\jdks\eclipse_adoptium-21-amd64-windows.2\bin\instrument.dll
Event: 0.171 Loaded shared library C:\Users\zarfi\.gradle\jdks\eclipse_adoptium-21-amd64-windows.2\bin\net.dll
Event: 0.175 Loaded shared library C:\Users\zarfi\.gradle\jdks\eclipse_adoptium-21-amd64-windows.2\bin\nio.dll
Event: 0.181 Loaded shared library C:\Users\zarfi\.gradle\jdks\eclipse_adoptium-21-amd64-windows.2\bin\zip.dll
Event: 7.665 Loaded shared library C:\Users\zarfi\.gradle\jdks\eclipse_adoptium-21-amd64-windows.2\bin\jimage.dll
Event: 8.291 Loaded shared library C:\Users\zarfi\.gradle\jdks\eclipse_adoptium-21-amd64-windows.2\bin\verify.dll
Event: 8.354 Loaded shared library C:\Users\zarfi\.gradle\native\660c5614fbf4a5f2a75b1949f50a0caf5cd603558e7d8a26e50b933a0cfb79d1\windows-amd64\native-platform.dll
Event: 8.379 Loaded shared library C:\Users\zarfi\.gradle\native\0.2.8\x86_64-windows-gnu\gradle-fileevents.dll
Event: 15.052 Loaded shared library C:\Users\zarfi\.gradle\jdks\eclipse_adoptium-21-amd64-windows.2\bin\management.dll
Event: 15.059 Loaded shared library C:\Users\zarfi\.gradle\jdks\eclipse_adoptium-21-amd64-windows.2\bin\management_ext.dll
Event: 15.262 Loaded shared library C:\Users\zarfi\.gradle\jdks\eclipse_adoptium-21-amd64-windows.2\bin\extnet.dll
Event: 15.740 Loaded shared library C:\Users\zarfi\.gradle\jdks\eclipse_adoptium-21-amd64-windows.2\bin\sunmscapi.dll
Event: 2575.133 Loaded shared library C:\Users\zarfi\AppData\Local\Temp\native-platform14979144162812768266dir\native-platform.dll
Event: 2576.871 Loaded shared library C:\Users\zarfi\.gradle\jdks\eclipse_adoptium-21-amd64-windows.2\bin\rmi.dll

Deoptimization events (20 events):
Event: 2598.903 Thread 0x000002184c2f1c30 Uncommon trap: trap_request=0xffffff45 fr.pc=0x000002186f1fda24 relative=0x0000000000000764
Event: 2598.903 Thread 0x000002184c2f1c30 Uncommon trap: reason=unstable_if action=reinterpret pc=0x000002186f1fda24 method=org.gradle.internal.io.StreamByteBuffer$StreamByteBufferInputStream.readImpl([BII)I @ 49 c2
Event: 2598.903 Thread 0x000002184c2f1c30 DEOPT PACKING pc=0x000002186f1fda24 sp=0x0000009d449fe4d0
Event: 2598.903 Thread 0x000002184c2f1c30 DEOPT UNPACKING pc=0x000002186e3e46a2 sp=0x0000009d449fe420 mode 2
Event: 2598.903 Thread 0x000002184c2f1c30 Uncommon trap: trap_request=0xffffff45 fr.pc=0x000002186ee62c24 relative=0x0000000000000764
Event: 2598.903 Thread 0x000002184c2f1c30 Uncommon trap: reason=unstable_if action=reinterpret pc=0x000002186ee62c24 method=org.gradle.internal.io.StreamByteBuffer$StreamByteBufferInputStream.readImpl([BII)I @ 49 c2
Event: 2598.903 Thread 0x000002184c2f1c30 DEOPT PACKING pc=0x000002186ee62c24 sp=0x0000009d449fe460
Event: 2598.903 Thread 0x000002184c2f1c30 DEOPT UNPACKING pc=0x000002186e3e46a2 sp=0x0000009d449fe428 mode 2
Event: 2598.929 Thread 0x00000218594119c0 Uncommon trap: trap_request=0xffffff45 fr.pc=0x000002186eaa5190 relative=0x00000000000000f0
Event: 2598.929 Thread 0x00000218594119c0 Uncommon trap: reason=unstable_if action=reinterpret pc=0x000002186eaa5190 method=jdk.internal.misc.Unsafe.convEndian(ZS)S @ 4 c2
Event: 2598.929 Thread 0x00000218594119c0 DEOPT PACKING pc=0x000002186eaa5190 sp=0x0000009d44bfe170
Event: 2598.929 Thread 0x00000218594119c0 DEOPT UNPACKING pc=0x000002186e3e46a2 sp=0x0000009d44bfdf08 mode 2
Event: 2598.994 Thread 0x000002184c2f01f0 Uncommon trap: trap_request=0xffffffde fr.pc=0x000002186f3175b8 relative=0x0000000000000898
Event: 2598.994 Thread 0x000002184c2f01f0 Uncommon trap: reason=class_check action=maybe_recompile pc=0x000002186f3175b8 method=java.lang.ThreadLocal.setInitialValue(Ljava/lang/Thread;)Ljava/lang/Object; @ 27 c2
Event: 2598.994 Thread 0x000002184c2f01f0 DEOPT PACKING pc=0x000002186f3175b8 sp=0x0000009d443fec10
Event: 2598.994 Thread 0x000002184c2f01f0 DEOPT UNPACKING pc=0x000002186e3e46a2 sp=0x0000009d443febd0 mode 2
Event: 2600.103 Thread 0x000002184c2f1c30 Uncommon trap: trap_request=0xffffff45 fr.pc=0x000002186ed84674 relative=0x00000000000000d4
Event: 2600.103 Thread 0x000002184c2f1c30 Uncommon trap: reason=unstable_if action=reinterpret pc=0x000002186ed84674 method=com.google.common.collect.HashBiMap.seekByValue(Ljava/lang/Object;I)Lcom/google/common/collect/HashBiMap$BiEntry; @ 21 c2
Event: 2600.103 Thread 0x000002184c2f1c30 DEOPT PACKING pc=0x000002186ed84674 sp=0x0000009d449fe340
Event: 2600.103 Thread 0x000002184c2f1c30 DEOPT UNPACKING pc=0x000002186e3e46a2 sp=0x0000009d449fe2e0 mode 2

Classes loaded (20 events):
Event: 2597.752 Loading class java/time/DateTimeException
Event: 2597.752 Loading class java/time/DateTimeException done
Event: 2597.752 Loading class java/util/regex/PatternSyntaxException
Event: 2597.753 Loading class java/util/regex/PatternSyntaxException done
Event: 2597.754 Loading class java/nio/file/DirectoryIteratorException
Event: 2597.754 Loading class java/nio/file/DirectoryIteratorException done
Event: 2598.316 Loading class java/text/BreakIterator
Event: 2598.317 Loading class java/text/BreakIterator done
Event: 2598.341 Loading class java/nio/file/Path$1
Event: 2598.341 Loading class java/nio/file/Path$1 done
Event: 2598.755 Loading class java/util/EnumMap$Values
Event: 2598.758 Loading class java/util/EnumMap$Values done
Event: 2598.759 Loading class java/util/EnumMap$ValueIterator
Event: 2598.759 Loading class java/util/EnumMap$ValueIterator done
Event: 2598.761 Loading class java/util/WeakHashMap$KeyIterator
Event: 2598.761 Loading class java/util/WeakHashMap$HashIterator
Event: 2598.761 Loading class java/util/WeakHashMap$HashIterator done
Event: 2598.761 Loading class java/util/WeakHashMap$KeyIterator done
Event: 2598.992 Loading class sun/rmi/transport/DGCClient$EndpointEntry$CleanRequest
Event: 2598.993 Loading class sun/rmi/transport/DGCClient$EndpointEntry$CleanRequest done

Classes unloaded (20 events):
Event: 2567.508 Thread 0x000002187b7fe2d0 Unloading class 0x0000021802838800 'java/lang/invoke/LambdaForm$MH+0x0000021802838800'
Event: 2567.508 Thread 0x000002187b7fe2d0 Unloading class 0x0000021802838400 'java/lang/invoke/LambdaForm$MH+0x0000021802838400'
Event: 2567.508 Thread 0x000002187b7fe2d0 Unloading class 0x0000021802821000 'java/lang/invoke/LambdaForm$MH+0x0000021802821000'
Event: 2567.508 Thread 0x000002187b7fe2d0 Unloading class 0x0000021802820c00 'java/lang/invoke/LambdaForm$MH+0x0000021802820c00'
Event: 2567.508 Thread 0x000002187b7fe2d0 Unloading class 0x0000021802820800 'java/lang/invoke/LambdaForm$MH+0x0000021802820800'
Event: 2567.508 Thread 0x000002187b7fe2d0 Unloading class 0x0000021802820400 'java/lang/invoke/LambdaForm$BMH+0x0000021802820400'
Event: 2567.508 Thread 0x000002187b7fe2d0 Unloading class 0x000002180281e400 'jdk/internal/reflect/GeneratedSerializationConstructorAccessor225'
Event: 2567.508 Thread 0x000002187b7fe2d0 Unloading class 0x000002180281e000 'jdk/internal/reflect/GeneratedSerializationConstructorAccessor224'
Event: 2567.508 Thread 0x000002187b7fe2d0 Unloading class 0x000002180281dc00 'jdk/internal/reflect/GeneratedSerializationConstructorAccessor223'
Event: 2567.508 Thread 0x000002187b7fe2d0 Unloading class 0x000002180281d800 'jdk/internal/reflect/GeneratedSerializationConstructorAccessor222'
Event: 2567.508 Thread 0x000002187b7fe2d0 Unloading class 0x000002180281d000 'java/lang/invoke/LambdaForm$MH+0x000002180281d000'
Event: 2567.508 Thread 0x000002187b7fe2d0 Unloading class 0x000002180281cc00 'jdk/internal/reflect/GeneratedSerializationConstructorAccessor220'
Event: 2567.508 Thread 0x000002187b7fe2d0 Unloading class 0x000002180281c800 'jdk/internal/reflect/GeneratedSerializationConstructorAccessor219'
Event: 2567.508 Thread 0x000002187b7fe2d0 Unloading class 0x000002180281c400 'jdk/internal/reflect/GeneratedSerializationConstructorAccessor218'
Event: 2567.508 Thread 0x000002187b7fe2d0 Unloading class 0x000002180281c000 'jdk/internal/reflect/GeneratedSerializationConstructorAccessor217'
Event: 2567.508 Thread 0x000002187b7fe2d0 Unloading class 0x000002180281bc00 'jdk/internal/reflect/GeneratedSerializationConstructorAccessor216'
Event: 2567.508 Thread 0x000002187b7fe2d0 Unloading class 0x000002180281b800 'jdk/internal/reflect/GeneratedSerializationConstructorAccessor215'
Event: 2567.508 Thread 0x000002187b7fe2d0 Unloading class 0x000002180281b400 'jdk/internal/reflect/GeneratedSerializationConstructorAccessor214'
Event: 2567.508 Thread 0x000002187b7fe2d0 Unloading class 0x000002180281b000 'jdk/internal/reflect/GeneratedSerializationConstructorAccessor213'
Event: 2567.508 Thread 0x000002187b7fe2d0 Unloading class 0x00000218024c9800 'java/lang/invoke/LambdaForm$MH+0x00000218024c9800'

Classes redefined (0 events):
No events

Internal exceptions (20 events):
Event: 2598.600 Thread 0x000002188b90d040 Exception <a 'sun/nio/fs/WindowsException'{0x0000000096324580}> (0x0000000096324580) 
thrown [s\src\hotspot\share\prims\jni.cpp, line 520]
Event: 2598.609 Thread 0x000002188b90d040 Exception <a 'sun/nio/fs/WindowsException'{0x0000000096385668}> (0x0000000096385668) 
thrown [s\src\hotspot\share\prims\jni.cpp, line 520]
Event: 2598.624 Thread 0x000002188b90d040 Exception <a 'sun/nio/fs/WindowsException'{0x0000000096295490}> (0x0000000096295490) 
thrown [s\src\hotspot\share\prims\jni.cpp, line 520]
Event: 2598.630 Thread 0x000002188b90d040 Exception <a 'sun/nio/fs/WindowsException'{0x00000000962e43e8}> (0x00000000962e43e8) 
thrown [s\src\hotspot\share\prims\jni.cpp, line 520]
Event: 2598.641 Thread 0x000002188b90d040 Exception <a 'sun/nio/fs/WindowsException'{0x000000009612b560}> (0x000000009612b560) 
thrown [s\src\hotspot\share\prims\jni.cpp, line 520]
Event: 2598.653 Thread 0x000002188b90d040 Exception <a 'sun/nio/fs/WindowsException'{0x000000009619a228}> (0x000000009619a228) 
thrown [s\src\hotspot\share\prims\jni.cpp, line 520]
Event: 2598.663 Thread 0x000002188b90d040 Exception <a 'sun/nio/fs/WindowsException'{0x0000000096009f80}> (0x0000000096009f80) 
thrown [s\src\hotspot\share\prims\jni.cpp, line 520]
Event: 2598.671 Thread 0x000002188b90d040 Exception <a 'sun/nio/fs/WindowsException'{0x000000009604b590}> (0x000000009604b590) 
thrown [s\src\hotspot\share\prims\jni.cpp, line 520]
Event: 2598.676 Thread 0x000002188b90d040 Exception <a 'sun/nio/fs/WindowsException'{0x0000000096071b28}> (0x0000000096071b28) 
thrown [s\src\hotspot\share\prims\jni.cpp, line 520]
Event: 2598.684 Thread 0x000002188b90d040 Exception <a 'sun/nio/fs/WindowsException'{0x00000000960c96e8}> (0x00000000960c96e8) 
thrown [s\src\hotspot\share\prims\jni.cpp, line 520]
Event: 2598.692 Thread 0x000002188b90d040 Exception <a 'sun/nio/fs/WindowsException'{0x0000000095f09800}> (0x0000000095f09800) 
thrown [s\src\hotspot\share\prims\jni.cpp, line 520]
Event: 2598.698 Thread 0x000002188b90d040 Exception <a 'sun/nio/fs/WindowsException'{0x0000000095f46e80}> (0x0000000095f46e80) 
thrown [s\src\hotspot\share\prims\jni.cpp, line 520]
Event: 2598.705 Thread 0x000002188b90d040 Exception <a 'sun/nio/fs/WindowsException'{0x0000000095f991d0}> (0x0000000095f991d0) 
thrown [s\src\hotspot\share\prims\jni.cpp, line 520]
Event: 2598.712 Thread 0x000002188b90d040 Exception <a 'sun/nio/fs/WindowsException'{0x0000000095fed1e0}> (0x0000000095fed1e0) 
thrown [s\src\hotspot\share\prims\jni.cpp, line 520]
Event: 2598.722 Thread 0x000002188b90d040 Exception <a 'sun/nio/fs/WindowsException'{0x0000000095e83fa0}> (0x0000000095e83fa0) 
thrown [s\src\hotspot\share\prims\jni.cpp, line 520]
Event: 2598.727 Thread 0x000002188b90d040 Exception <a 'sun/nio/fs/WindowsException'{0x0000000095eb1e08}> (0x0000000095eb1e08) 
thrown [s\src\hotspot\share\prims\jni.cpp, line 520]
Event: 2598.734 Thread 0x000002188b90d040 Exception <a 'sun/nio/fs/WindowsException'{0x0000000095d02200}> (0x0000000095d02200) 
thrown [s\src\hotspot\share\prims\jni.cpp, line 520]
Event: 2598.740 Thread 0x000002188b90d040 Exception <a 'sun/nio/fs/WindowsException'{0x0000000095d56118}> (0x0000000095d56118) 
thrown [s\src\hotspot\share\prims\jni.cpp, line 520]
Event: 2598.746 Thread 0x000002188b90d040 Exception <a 'sun/nio/fs/WindowsException'{0x0000000095d9e390}> (0x0000000095d9e390) 
thrown [s\src\hotspot\share\prims\jni.cpp, line 520]
Event: 2598.754 Thread 0x000002188b90d040 Exception <a 'sun/nio/fs/WindowsException'{0x0000000095c3a148}> (0x0000000095c3a148) 
thrown [s\src\hotspot\share\prims\jni.cpp, line 520]

ZGC Phase Switch (0 events):
No events

VM Operations (20 events):
Event: 2598.489 Executing VM operation: ICBufferFull
Event: 2598.489 Executing VM operation: ICBufferFull done
Event: 2598.598 Executing VM operation: ICBufferFull
Event: 2598.598 Executing VM operation: ICBufferFull done
Event: 2598.700 Executing VM operation: ICBufferFull
Event: 2598.700 Executing VM operation: ICBufferFull done
Event: 2598.823 Executing VM operation: HandshakeAllThreads (Deoptimize)
Event: 2598.823 Executing VM operation: HandshakeAllThreads (Deoptimize) done
Event: 2598.908 Executing VM operation: HandshakeAllThreads (Deoptimize)
Event: 2598.908 Executing VM operation: HandshakeAllThreads (Deoptimize) done
Event: 2598.925 Executing VM operation: HandshakeAllThreads (Deoptimize)
Event: 2598.926 Executing VM operation: HandshakeAllThreads (Deoptimize) done
Event: 2598.956 Executing VM operation: G1CollectForAllocation (G1 Evacuation Pause)
Event: 2598.992 Executing VM operation: G1CollectForAllocation (G1 Evacuation Pause) done
Event: 2599.016 Executing VM operation: HandshakeAllThreads (Deoptimize)
Event: 2599.017 Executing VM operation: HandshakeAllThreads (Deoptimize) done
Event: 2600.017 Executing VM operation: Cleanup
Event: 2600.099 Executing VM operation: Cleanup done
Event: 2601.099 Executing VM operation: Cleanup
Event: 2601.099 Executing VM operation: Cleanup done

Memory protections (0 events):
No events

Nmethod flushes (20 events):
Event: 2567.602 Thread 0x000002187b7fe2d0 flushing  nmethod 0x0000021869786710
Event: 2567.602 Thread 0x000002187b7fe2d0 flushing  nmethod 0x0000021869788410
Event: 2567.602 Thread 0x000002187b7fe2d0 flushing  nmethod 0x0000021869789110
Event: 2567.602 Thread 0x000002187b7fe2d0 flushing  nmethod 0x0000021869789690
Event: 2567.602 Thread 0x000002187b7fe2d0 flushing  nmethod 0x0000021869789a10
Event: 2567.602 Thread 0x000002187b7fe2d0 flushing  nmethod 0x000002186978a090
Event: 2567.602 Thread 0x000002187b7fe2d0 flushing  nmethod 0x00000218697bea90
Event: 2567.602 Thread 0x000002187b7fe2d0 flushing  nmethod 0x00000218697c2890
Event: 2567.602 Thread 0x000002187b7fe2d0 flushing  nmethod 0x00000218697c2d10
Event: 2567.602 Thread 0x000002187b7fe2d0 flushing  nmethod 0x00000218697c8990
Event: 2567.602 Thread 0x000002187b7fe2d0 flushing  nmethod 0x00000218697cc510
Event: 2567.602 Thread 0x000002187b7fe2d0 flushing  nmethod 0x00000218697cdb90
Event: 2567.602 Thread 0x000002187b7fe2d0 flushing  nmethod 0x0000021869821a90
Event: 2567.602 Thread 0x000002187b7fe2d0 flushing  nmethod 0x0000021869821f90
Event: 2567.602 Thread 0x000002187b7fe2d0 flushing  nmethod 0x0000021869822410
Event: 2567.602 Thread 0x000002187b7fe2d0 flushing  nmethod 0x0000021869826790
Event: 2567.602 Thread 0x000002187b7fe2d0 flushing  nmethod 0x0000021869870c90
Event: 2567.602 Thread 0x000002187b7fe2d0 flushing  nmethod 0x0000021869871510
Event: 2567.602 Thread 0x000002187b7fe2d0 flushing  nmethod 0x0000021869871810
Event: 2567.602 Thread 0x000002187b7fe2d0 flushing  nmethod 0x0000021869878890

Events (20 events):
Event: 2576.851 Thread 0x000002188c30e7e0 Thread added: 0x000002184c2ef4d0
Event: 2576.870 Thread 0x000002188c30e7e0 Thread added: 0x000002184c2f01f0
Event: 2576.871 Thread 0x000002188c30e7e0 Thread added: 0x000002184c2f0880
Event: 2576.981 Thread 0x000002188c30e7e0 Thread added: 0x000002184c2f15a0
Event: 2576.981 Thread 0x000002188c30e7e0 Thread added: 0x000002184c2f0f10
Event: 2577.090 Thread 0x000002184c2f15a0 Thread added: 0x000002187f4ebdb0
Event: 2596.512 Thread 0x000002187b842810 Thread added: 0x000002187f46dd90
Event: 2597.002 Thread 0x000002188b90d040 Thread added: 0x000002184c2f1c30
Event: 2598.874 Thread 0x000002188b90d040 Thread added: 0x0000021859411330
Event: 2598.874 Thread 0x000002188b90d040 Thread added: 0x00000218594119c0
Event: 2598.874 Thread 0x000002188b90d040 Thread added: 0x0000021859412050
Event: 2598.874 Thread 0x000002188b90d040 Thread added: 0x0000021859413400
Event: 2598.875 Thread 0x000002188b90d040 Thread added: 0x000002188c30d430
Event: 2598.875 Thread 0x000002188b90d040 Thread added: 0x000002185bf67410
Event: 2598.875 Thread 0x000002188b90d040 Thread added: 0x000002185bf666f0
Event: 2598.875 Thread 0x000002188b90d040 Thread added: 0x000002185bf68130
Event: 2598.875 Thread 0x000002188b90d040 Thread added: 0x000002185bf687c0
Event: 2598.875 Thread 0x000002188b90d040 Thread added: 0x000002185bf66060
Event: 2598.875 Thread 0x000002188b90d040 Thread added: 0x000002185bf67aa0
Event: 2598.996 Thread 0x000002184c2f01f0 Thread exited: 0x000002184c2f01f0


Dynamic libraries:
0x00007ff622ee0000 - 0x00007ff622eee000 	C:\Users\zarfi\.gradle\jdks\eclipse_adoptium-21-amd64-windows.2\bin\java.exe
0x00007ffcf92e0000 - 0x00007ffcf9546000 	C:\WINDOWS\SYSTEM32\ntdll.dll
0x00007ffcf74e0000 - 0x00007ffcf75a9000 	C:\WINDOWS\System32\KERNEL32.DLL
0x00007ffcf6660000 - 0x00007ffcf6a5e000 	C:\WINDOWS\System32\KERNELBASE.dll
0x00007ffcf6500000 - 0x00007ffcf664c000 	C:\WINDOWS\System32\ucrtbase.dll
0x00007ffcf1350000 - 0x00007ffcf136e000 	C:\Users\zarfi\.gradle\jdks\eclipse_adoptium-21-amd64-windows.2\bin\VCRUNTIME140.dll
0x00007ffcf1310000 - 0x00007ffcf1328000 	C:\Users\zarfi\.gradle\jdks\eclipse_adoptium-21-amd64-windows.2\bin\jli.dll
0x00007ffcf7310000 - 0x00007ffcf74d7000 	C:\WINDOWS\System32\USER32.dll
0x00007ffcf6a70000 - 0x00007ffcf6a97000 	C:\WINDOWS\System32\win32u.dll
0x00007ffce2750000 - 0x00007ffce29e2000 	C:\WINDOWS\WinSxS\amd64_microsoft.windows.common-controls_6595b64144ccf1df_6.0.26100.8894_none_3e0f749ee32e02ea\COMCTL32.dll
0x00007ffcf80e0000 - 0x00007ffcf810b000 	C:\WINDOWS\System32\GDI32.dll
0x00007ffcf7620000 - 0x00007ffcf76c9000 	C:\WINDOWS\System32\msvcrt.dll
0x00007ffcf6c20000 - 0x00007ffcf6d4a000 	C:\WINDOWS\System32\gdi32full.dll
0x00007ffcf6de0000 - 0x00007ffcf6e83000 	C:\WINDOWS\System32\msvcp_win.dll
0x00007ffcf9260000 - 0x00007ffcf9292000 	C:\WINDOWS\System32\IMM32.DLL
0x00007ffcf1300000 - 0x00007ffcf130c000 	C:\Users\zarfi\.gradle\jdks\eclipse_adoptium-21-amd64-windows.2\bin\vcruntime140_1.dll
0x00007ffca8540000 - 0x00007ffca85cd000 	C:\Users\zarfi\.gradle\jdks\eclipse_adoptium-21-amd64-windows.2\bin\msvcp140.dll
0x00007ffc59a70000 - 0x00007ffc5a800000 	C:\Users\zarfi\.gradle\jdks\eclipse_adoptium-21-amd64-windows.2\bin\server\jvm.dll
0x00007ffcf8b40000 - 0x00007ffcf8bf7000 	C:\WINDOWS\System32\ADVAPI32.dll
0x00007ffcf82f0000 - 0x00007ffcf839a000 	C:\WINDOWS\System32\sechost.dll
0x00007ffcf78c0000 - 0x00007ffcf79d8000 	C:\WINDOWS\System32\RPCRT4.dll
0x00007ffcf70e0000 - 0x00007ffcf7160000 	C:\WINDOWS\System32\WS2_32.dll
0x00007ffcf6360000 - 0x00007ffcf63be000 	C:\WINDOWS\SYSTEM32\POWRPROF.dll
0x00007ffcecad0000 - 0x00007ffcecb06000 	C:\WINDOWS\SYSTEM32\WINMM.dll
0x00007ffcee4e0000 - 0x00007ffcee4eb000 	C:\WINDOWS\SYSTEM32\VERSION.dll
0x00007ffcf6340000 - 0x00007ffcf6354000 	C:\WINDOWS\SYSTEM32\UMPDC.dll
0x00007ffcf51a0000 - 0x00007ffcf51bb000 	C:\WINDOWS\SYSTEM32\kernel.appcore.dll
0x00007ffce5660000 - 0x00007ffce566a000 	C:\Users\zarfi\.gradle\jdks\eclipse_adoptium-21-amd64-windows.2\bin\jimage.dll
0x00007ffcebd10000 - 0x00007ffcebf52000 	C:\WINDOWS\SYSTEM32\DBGHELP.DLL
0x00007ffcf7b60000 - 0x00007ffcf7ee3000 	C:\WINDOWS\System32\combase.dll
0x00007ffcf77d0000 - 0x00007ffcf78a9000 	C:\WINDOWS\System32\OLEAUT32.dll
0x00007ffce29f0000 - 0x00007ffce2a2b000 	C:\WINDOWS\SYSTEM32\dbgcore.DLL
0x00007ffcf6b60000 - 0x00007ffcf6c0c000 	C:\WINDOWS\System32\bcryptPrimitives.dll
0x00007ffce4f10000 - 0x00007ffce4f1f000 	C:\Users\zarfi\.gradle\jdks\eclipse_adoptium-21-amd64-windows.2\bin\instrument.dll
0x00007ffcaee00000 - 0x00007ffcaee1f000 	C:\Users\zarfi\.gradle\jdks\eclipse_adoptium-21-amd64-windows.2\bin\java.dll
0x00007ffcf83a0000 - 0x00007ffcf8b32000 	C:\WINDOWS\System32\SHELL32.dll
0x00007ffcf3f80000 - 0x00007ffcf4812000 	C:\WINDOWS\SYSTEM32\windows.storage.dll
0x00007ffcf76d0000 - 0x00007ffcf77c7000 	C:\WINDOWS\System32\SHCORE.dll
0x00007ffcf75b0000 - 0x00007ffcf7617000 	C:\WINDOWS\System32\shlwapi.dll
0x00007ffcf6420000 - 0x00007ffcf6449000 	C:\WINDOWS\SYSTEM32\profapi.dll
0x00007ffca8460000 - 0x00007ffca8537000 	C:\Users\zarfi\.gradle\jdks\eclipse_adoptium-21-amd64-windows.2\bin\jsvml.dll
0x00007ffcaed00000 - 0x00007ffcaed18000 	C:\Users\zarfi\.gradle\jdks\eclipse_adoptium-21-amd64-windows.2\bin\zip.dll
0x00007ffce4a00000 - 0x00007ffce4a10000 	C:\Users\zarfi\.gradle\jdks\eclipse_adoptium-21-amd64-windows.2\bin\net.dll
0x00007ffcee370000 - 0x00007ffcee497000 	C:\WINDOWS\SYSTEM32\WINHTTP.dll
0x00007ffcf5730000 - 0x00007ffcf579c000 	C:\WINDOWS\system32\mswsock.dll
0x00007ffcae340000 - 0x00007ffcae356000 	C:\Users\zarfi\.gradle\jdks\eclipse_adoptium-21-amd64-windows.2\bin\nio.dll
0x00007ffce3ad0000 - 0x00007ffce3ae0000 	C:\Users\zarfi\.gradle\jdks\eclipse_adoptium-21-amd64-windows.2\bin\verify.dll
0x00007ffcae360000 - 0x00007ffcae387000 	C:\Users\zarfi\.gradle\native\660c5614fbf4a5f2a75b1949f50a0caf5cd603558e7d8a26e50b933a0cfb79d1\windows-amd64\native-platform.dll
0x00007ffca83e0000 - 0x00007ffca8457000 	C:\Users\zarfi\.gradle\native\0.2.8\x86_64-windows-gnu\gradle-fileevents.dll
0x00007ffce2a90000 - 0x00007ffce2a9a000 	C:\Users\zarfi\.gradle\jdks\eclipse_adoptium-21-amd64-windows.2\bin\management.dll
0x00007ffce20f0000 - 0x00007ffce20fb000 	C:\Users\zarfi\.gradle\jdks\eclipse_adoptium-21-amd64-windows.2\bin\management_ext.dll
0x00007ffcf8c00000 - 0x00007ffcf8c08000 	C:\WINDOWS\System32\PSAPI.DLL
0x00007ffcf4b50000 - 0x00007ffcf4b83000 	C:\WINDOWS\SYSTEM32\IPHLPAPI.DLL
0x00007ffcf7010000 - 0x00007ffcf701a000 	C:\WINDOWS\System32\NSI.dll
0x00007ffce1820000 - 0x00007ffce1829000 	C:\Users\zarfi\.gradle\jdks\eclipse_adoptium-21-amd64-windows.2\bin\extnet.dll
0x00007ffcf5b60000 - 0x00007ffcf5b7b000 	C:\WINDOWS\SYSTEM32\CRYPTSP.dll
0x00007ffcf5100000 - 0x00007ffcf5139000 	C:\WINDOWS\system32\rsaenh.dll
0x00007ffcf57f0000 - 0x00007ffcf5822000 	C:\WINDOWS\SYSTEM32\USERENV.dll
0x00007ffcf63f0000 - 0x00007ffcf641a000 	C:\WINDOWS\SYSTEM32\bcrypt.dll
0x00007ffcf59a0000 - 0x00007ffcf59ac000 	C:\WINDOWS\SYSTEM32\CRYPTBASE.dll
0x00007ffcdd090000 - 0x00007ffcdd09e000 	C:\Users\zarfi\.gradle\jdks\eclipse_adoptium-21-amd64-windows.2\bin\sunmscapi.dll
0x00007ffcf6e90000 - 0x00007ffcf7008000 	C:\WINDOWS\System32\CRYPT32.dll
0x00007ffcf5cd0000 - 0x00007ffcf5d00000 	C:\WINDOWS\SYSTEM32\ncrypt.dll
0x00007ffcf5c80000 - 0x00007ffcf5cbf000 	C:\WINDOWS\SYSTEM32\NTASN1.dll
0x00007ffcef3b0000 - 0x00007ffcef3b8000 	C:\WINDOWS\system32\wshunix.dll
0x00007ffcd52d0000 - 0x00007ffcd52e8000 	C:\WINDOWS\system32\napinsp.dll
0x00007ffcf4b90000 - 0x00007ffcf4ce6000 	C:\WINDOWS\SYSTEM32\DNSAPI.dll
0x00007ffcf5550000 - 0x00007ffcf555d000 	C:\WINDOWS\SYSTEM32\DSPARSE.dll
0x00007ffcd52b0000 - 0x00007ffcd52c3000 	C:\WINDOWS\System32\winrnr.dll
0x00007ffcd5280000 - 0x00007ffcd52a2000 	C:\WINDOWS\system32\nlansp_c.dll
0x00007ffcedae0000 - 0x00007ffcedaf6000 	C:\WINDOWS\system32\wshbth.dll
0x00007ffce9ce0000 - 0x00007ffce9ceb000 	C:\Windows\System32\rasadhlp.dll
0x00007ffce9c30000 - 0x00007ffce9cb6000 	C:\WINDOWS\System32\fwpuclnt.dll
0x00007ffcf52d0000 - 0x00007ffcf5306000 	C:\WINDOWS\SYSTEM32\ntmarta.dll
0x00007ffcf3350000 - 0x00007ffcf336e000 	C:\Users\zarfi\AppData\Local\Temp\native-platform14979144162812768266dir\native-platform.dll
0x00007ffce6c30000 - 0x00007ffce6c37000 	C:\Users\zarfi\.gradle\jdks\eclipse_adoptium-21-amd64-windows.2\bin\rmi.dll

dbghelp: loaded successfully - version: 4.0.5 - missing functions: none
symbol engine: initialized successfully - sym options: 0x614 - pdb path: .;C:\Users\zarfi\.gradle\jdks\eclipse_adoptium-21-amd64-windows.2\bin;C:\WINDOWS\SYSTEM32;C:\WINDOWS\WinSxS\amd64_microsoft.windows.common-controls_6595b64144ccf1df_6.0.26100.8894_none_3e0f749ee32e02ea;C:\Users\zarfi\.gradle\jdks\eclipse_adoptium-21-amd64-windows.2\bin\server;C:\Users\zarfi\.gradle\native\660c5614fbf4a5f2a75b1949f50a0caf5cd603558e7d8a26e50b933a0cfb79d1\windows-amd64;C:\Users\zarfi\.gradle\native\0.2.8\x86_64-windows-gnu;C:\Users\zarfi\AppData\Local\Temp\native-platform14979144162812768266dir

VM Arguments:
jvm_args: --add-opens=java.base/java.lang=ALL-UNNAMED --add-opens=java.base/java.lang.invoke=ALL-UNNAMED --add-opens=java.base/java.util=ALL-UNNAMED --add-opens=java.prefs/java.util.prefs=ALL-UNNAMED --add-exports=jdk.compiler/com.sun.tools.javac.api=ALL-UNNAMED --add-exports=jdk.compiler/com.sun.tools.javac.util=ALL-UNNAMED --add-opens=java.base/java.util=ALL-UNNAMED --add-opens=java.prefs/java.util.prefs=ALL-UNNAMED --add-opens=java.base/java.nio.charset=ALL-UNNAMED --add-opens=java.base/java.net=ALL-UNNAMED --add-opens=java.base/java.util.concurrent=ALL-UNNAMED --add-opens=java.base/java.util.concurrent.atomic=ALL-UNNAMED --add-opens=java.xml/javax.xml.namespace=ALL-UNNAMED --add-opens=java.base/java.time=ALL-UNNAMED -Xmx2048m -Dfile.encoding=UTF-8 -Duser.country=US -Duser.language=en -Duser.variant -javaagent:C:\Users\zarfi\.gradle\wrapper\dists\gradle-9.2.1-bin\2t0n5ozlw9xmuyvbp7dnzaxug\gradle-9.2.1\lib\agents\gradle-instrumentation-agent-9.2.1.jar 
java_command: org.gradle.launcher.daemon.bootstrap.GradleDaemon 9.2.1
java_class_path (initial): C:\Users\zarfi\.gradle\wrapper\dists\gradle-9.2.1-bin\2t0n5ozlw9xmuyvbp7dnzaxug\gradle-9.2.1\lib\gradle-daemon-main-9.2.1.jar
Launcher Type: SUN_STANDARD

[Global flags]
     intx CICompilerCount                          = 4                                         {product} {ergonomic}
     uint ConcGCThreads                            = 3                                         {product} {ergonomic}
     uint G1ConcRefinementThreads                  = 10                                        {product} {ergonomic}
   size_t G1HeapRegionSize                         = 1048576                                   {product} {ergonomic}
    uintx GCDrainStackTargetSize                   = 64                                        {product} {ergonomic}
   size_t InitialHeapSize                          = 125829120                                 {product} {ergonomic}
   size_t MarkStackSize                            = 4194304                                   {product} {ergonomic}
   size_t MaxHeapSize                              = 2147483648                                {product} {command line}
   size_t MaxNewSize                               = 1287651328                                {product} {ergonomic}
   size_t MinHeapDeltaBytes                        = 1048576                                   {product} {ergonomic}
   size_t MinHeapSize                              = 8388608                                   {product} {ergonomic}
    uintx NonNMethodCodeHeapSize                   = 5839372                                {pd product} {ergonomic}
    uintx NonProfiledCodeHeapSize                  = 122909434                              {pd product} {ergonomic}
    uintx ProfiledCodeHeapSize                     = 122909434                              {pd product} {ergonomic}
    uintx ReservedCodeCacheSize                    = 251658240                              {pd product} {ergonomic}
     bool SegmentedCodeCache                       = true                                      {product} {ergonomic}
   size_t SoftMaxHeapSize                          = 2147483648                             {manageable} {ergonomic}
     bool UseCompressedOops                        = true                           {product lp64_product} {ergonomic}
     bool UseG1GC                                  = true                                      {product} {ergonomic}
     bool UseLargePagesIndividualAllocation        = false                                  {pd product} {ergonomic}

Logging:
Log output configuration:
 #0: stdout all=warning uptime,level,tags foldmultilines=false
 #1: stderr all=off uptime,level,tags foldmultilines=false

Environment Variables:
JAVA_HOME=C:\Program Files\Android\Android Studio\jbr
PATH=C:\WINDOWS\system32;C:\WINDOWS;C:\WINDOWS\System32\Wbem;C:\WINDOWS\System32\WindowsPowerShell\v1.0\;C:\WINDOWS\System32\OpenSSH\;C:\Program Files\Android\Android Studio\jbr\bin;C:\Program Files\Git\cmd;C:\Users\zarfi\AppData\Local\Microsoft\WindowsApps;C:\Users\zarfi\AppData\Local\Programs\Antigravity\bin;C:\Users\zarfi\AppData\AndroidCLI;C:\Users\zarfi\AppData\Local\Kingsoft\WPS Office\12.1.0.27458\clitool
USERNAME=zarfi
OS=Windows_NT
PROCESSOR_IDENTIFIER=AMD64 Family 25 Model 80 Stepping 0, AuthenticAMD
TMP=C:\Users\zarfi\AppData\Local\Temp
TEMP=C:\Users\zarfi\AppData\Local\Temp




Periodic native trim disabled

---------------  S Y S T E M  ---------------

OS:
 Windows 11 , 64 bit Build 26100 (10.0.26100.8875)
OS uptime: 6 days 7:00 hours
Hyper-V role detected

CPU: total 12 (initial active 12) (12 cores per cpu, 2 threads per core) family 25 model 80 stepping 0 microcode 0xa50000c, cx8, cmov, fxsr, ht, mmx, 3dnowpref, sse, sse2, sse3, ssse3, sse4a, sse4.1, sse4.2, popcnt, lzcnt, tsc, tscinvbit, avx, avx2, aes, erms, clmul, bmi1, bmi2, adx, sha, fma, vzeroupper, clflush, clflushopt, hv, rdtscp, rdpid, fsrm, f16c, cet_ss
Processor Information for processor 0
  Max Mhz: 2301, Current Mhz: 2010, Mhz Limit: 2301
Processor Information for processor 1
  Max Mhz: 2301, Current Mhz: 2301, Mhz Limit: 2301
Processor Information for processor 2
  Max Mhz: 2301, Current Mhz: 2301, Mhz Limit: 2301
Processor Information for processor 3
  Max Mhz: 2301, Current Mhz: 2010, Mhz Limit: 2301
Processor Information for processor 4
  Max Mhz: 2301, Current Mhz: 2301, Mhz Limit: 2301
Processor Information for processor 5
  Max Mhz: 2301, Current Mhz: 2010, Mhz Limit: 2301
Processor Information for processor 6
  Max Mhz: 2301, Current Mhz: 2301, Mhz Limit: 2301
Processor Information for processor 7
  Max Mhz: 2301, Current Mhz: 2301, Mhz Limit: 2301
Processor Information for processor 8
  Max Mhz: 2301, Current Mhz: 2301, Mhz Limit: 2301
Processor Information for processor 9
  Max Mhz: 2301, Current Mhz: 2010, Mhz Limit: 2301
Processor Information for processor 10
  Max Mhz: 2301, Current Mhz: 2301, Mhz Limit: 2301
Processor Information for processor 11
  Max Mhz: 2301, Current Mhz: 2010, Mhz Limit: 2301

Memory: 4k page, system-wide physical 7582M (540M free)
TotalPageFile size 21717M (AvailPageFile size 17M)
current process WorkingSet (physical memory assigned to process): 806M, peak: 884M
current process commit charge ("private bytes"): 1117M, peak: 1122M

vm_info: OpenJDK 64-Bit Server VM (21.0.7+6-LTS) for windows-amd64 JRE (21.0.7+6-LTS), built on 2025-04-15T00:00:00Z by "admin" with MS VC++ 17.7 (VS2022)

END.
